"37-30 73rd Street, Unit 1P",Jackson Heights,2100,1 BD,1 BA
"46-30 Center Boulevard, Unit PH3",Hunters Point,6250,2 BD,3 BA
134-11 160th Street,Rochdale,1880,1 BD,1 BA
"57-59 Copper Avenue, Unit 2",Glendale,1950,2 BD,1 BA
"44-72 11th Street, Unit A210",Hunters Point,3900,2 BD,1 BA
"57-59 Cooper Avenue, Unit 1",Glendale,2100,2 BD,1 BA
"31-69 37th Street, Unit 11",Astoria,1900,1 BD,1 BA
"25-49 47th Street, Unit 2R",Astoria,1800,1 BD,1 BA
"34-25 57th Street, Unit 2",Woodside,2700,3 BD,1 BA
"29-08 31st Avenue, Unit B7",Astoria,1876,Studio,1 BA
"18-65 Madison Street, Unit 1L",Ridgewood,1999,1 BD,1 BA
"37-31 58th Street, Unit 2",Woodside,3000,2 BD,1.5 BA
"48-48 48th Street, Unit 3R",Sunnyside,2200,2 BD,1 BA
"26-27 18th Street, Unit 4",Astoria,2650,1 BD,1 BA
"25-21 43rd Avenue, Unit 410",Long Island City,3200,1 BD,1 BA
"27-57 Crescent Street, Unit 1B",Astoria,2308,1 BD,1 BA
"143-45 Barclay Avenue, Unit C5",Downtown Flushing,2300,2 BD,2 BA
"22-46 31st Street, Unit 2A",Ditmars,2300,2 BD,1 BA
"33-46 92nd Street, Unit 1W",Jackson Heights,2800,2 BD,1.5 BA
"44-14 Newtown Road, Unit 1",Astoria,2000,1 BD,1 BA
"27-57 Crescent Street, Unit 1B",Astoria,2538,1 BD,1 BA
"26-14 Jackson Avenue, Unit 10C",Long Island City,2385,Studio,1 BA
"46-04 Vernon Boulevard, Unit 3C",Long Island City,4000,2 BD,2 BA
"46-04 Vernon Boulevard, Unit 2A",Long Island City,3000,1 BD,1 BA
"35-33 34th Street, Unit 1",New Astoria,3200,3 BD,1 BA
248-5 40th Avenue,Long Island City,2600,3 BD,2 BA
"5618 Cloverdale Boulevard, Unit 2",Bayside,2100,2 BD,1.5 BA
"41-26 27th Street, Unit 2B",Long Island City,2400,Studio,1 BA
"5-09 48th Avenue, Unit 7B",Hunters Point,3850,1 BD,1 BA
"21-67 35th Street, Unit 2",Astoria,3000,2 BD,1 BA
"25-35 18th Street, Unit 2B",Astoria,2450,1 BD,1 BA
"26-14 Jackson Avenue, Unit 3D",Long Island City,3800,2 BD,1 BA
"62-49 Forest Avenue, Unit 2A",Ridgewood,2050,1 BD,1 BA
"41-26 27th Street, Unit 6F",Long Island City,2500,1 BD,1 BA
"46-04 Vernon Boulevard, Unit 4A",Long Island City,3200,1 BD,1 BA
"2-17 51st Avenue, Unit 606",Hunters Point,6995,2 BD,3 BA
"11-07 Welling Court, Unit 4D",Astoria,2933,1 BD,1 BA
"18-10 Astoria Park South, Unit 2",Astoria,2875,3 BD,1 BA
"30-16 34th Street, Unit 3A",Astoria,3000,4 BD,1 BA
"62-49 Forest Avenue, Unit 2D",Ridgewood,2610,2 BD,1 BA
45-48 47th Street,Queens,3000,Studio,1 BA
"25-35 18th Street, Unit 2D",Astoria,2100,Studio,1 BA
"25-35 18th Street, Unit 1A",Astoria,2600,1 BD,1 BA
"11-23 30th Drive, Unit 1",Astoria,3200,2 BD,1.5 BA
"46-04 Vernon Boulevard, Unit 5D",Long Island City,4500,2 BD,2 BA
"46-04 Vernon Boulevard, Unit 3A",Long Island City,3000,1 BD,1 BA
"30-85 Vernon Boulevard, Unit 5A",Astoria,3300,2 BD,1.5 BA
"44-72 11th Street, Unit A210",Hunters Point,3950,2 BD,1 BA
"46-04 Vernon Boulevard, Unit 5A",Long Island City,3400,1 BD,1 BA
86-66 188th Street,Jamaica Estates,2500,3 BD,1 BA
"46-04 Vernon Boulevard, Unit 6D",Hunters Point,3300,1 BD,1 BA
"43-10 44th Street, Unit 5F",Sunnyside,2100,1 BD,1 BA
"30-18 12th Street, Unit 2",Astoria,3600,3 BD,2 BA
"85-18 60th Drive, Fl -3",Maspeth,2300,3 BD,1 BA
"46-04 Vernon Boulevard, Unit 2C",Hunters Point,3500,1 BD,2 BA
"22-46 31st Street, Unit 3C",Ditmars,1800,1 BD,1 BA
"46-09 11th Street, Unit 6D",Hunters Point,4140,2 BD,2 BA
"87-62 52nd Avenue, Fl 2",Elmhurst,2800,3 BD,2 BA
"40-11 25th Avenue, Unit C11",Astoria,2050,2 BD,1 BA
"18-22 Linden Street, Unit 1 duplex",Ridgewood,2995,3 BD,2.5 BA
"149-04 12th Avenue, Unit 2",Whitestone,2200,3 BD,1 BA
"16-12 Decatur Street, Unit 2",Ridgewood,3500,2 BD,1 BA
"46-04 Vernon Boulevard, Unit 4B",Long Island City,3200,1 BD,1 BA
"112-01 Queens Boulevard, Unit 9G",Forest Hills,3900,2 BD,2 BA
"46-04 Vernon Boulevard, Unit 7B",Long Island City,4000,1 BD,1 BA
"46-04 Vernon Boulevard, Unit 4C",Long Island City,4200,2 BD,2 BA
"31-38 36th Street, Unit 2F",Astoria,2500,2 BD,1 BA
"46-04 Vernon Boulevard, Unit 6A",Long Island City,3200,1 BD,1 BA
"29-08 31st Avenue, Unit E14",Astoria,3100,3 BD,1 BA
"46-04 Vernon Boulevard, Unit 6B",Long Island City,3200,1 BD,1 BA
"46-04 Vernon Boulevard, Unit 2D",Long Island City,4100,2 BD,2 BA
"34-47 42nd Street, Unit 2R",Astoria,1750,1 BD,1 BA
2910 Broadway,New Astoria,3999,2 BD,2 BA
"46-04 Vernon Boulevard, Unit 3D",Long Island City,4000,2 BD,2 BA
"42-37 27th Street, Unit 8A",Long Island City,2595,Alcove,1 BA
"46-04 Vernon Boulevard, Unit 2B",Long Island City,3000,1 BD,1 BA
"41-26 27th Street, Unit 2F",Long Island City,2500,1 BD,1 BA
"33-15 81st Street, Unit 4J",Jackson Heights,1950,1 BD,1 BA
"123-10 Ocean Promenade Belle Harbor, Unit 3H",Rockaway Park,1775,1 BD,1 BA
"31-33 82nd Street, Unit 2R",Jackson Heights,1600,2 BD,1 BA
"46-09 11th Street, Unit 5B",Hunters Point,3050,1 BD,1 BA
"27-28 Thomson Avenue, Unit 332",Long Island City,3000,Alcove,1 BA
"30-11 21st Street, Unit 6E",Astoria,4000,2 BD,2 BA
"31-03 23rd Street, Unit B6",Astoria,1700,2 BD,1 BA
"22-42 29th Street, Unit 1",Ditmars,3495,2 BD,2 BA
"34-27 37th Street, Unit 1L",Astoria,2700,3 BD,1 BA
"38-08 Union Street, Unit 11A",Flushing,1200,Studio,2 BA
"44-72 11th Street, Unit A505",Hunters Point,3195,1 BD,1 BA
"39-75 62nd Street, Unit 2",Woodside,1375,Studio,1 BA
"61-15 98th Street, Unit 10D",Rego Park,2600,2 BD,1.5 BA
"46-30 Center Boulevard, Unit 1502",Long Island City,5500,2 BD,2 BA
"46-04 Vernon Boulevard, Unit 7A",Long Island City,3000,1 BD,1 BA
"89-15 Parsons Boulevard, Unit COMMERCIAL",Jamaica,2500,empty Beds,empty Bath
"46-04 Vernon Boulevard, Unit 5B",Hunters Point,3400,1 BD,1 BA
"44-72 11th Street, Unit A505",Hunters Point,3195,1 BD,1 BA
"11-07 Welling Court, Unit PHB",Astoria,3300,1 BD,1 BA
"44-72 11th Street, Unit A401",Hunters Point,3175,1 BD,1 BA
"30-71 33rd Street, Unit D1",Astoria,1795,1 BD,1 BA
"46-04 Vernon Boulevard, Unit 5C",Long Island City,4500,2 BD,2 BA
"46-04 Vernon Boulevard, Unit 3B",Long Island City,3000,1 BD,1 BA
"25-35 18th Street, Unit 2A",Astoria,2450,1 BD,1 BA
"8829 54th Avenue, Unit 3",Elmhurst,2700,3 BD,1.5 BA
"25-35 18th Street, Unit 2C",Astoria,2500,1 BD,1 BA
"13-11 Jackson Ave, Unit 4C",Hunters Point,2300,Studio,1 BA
"147-42 109th Avenue, Unit 2",Jamaica,1350,1 BD,1 BA
"17-18 Putnam Avenue, Unit 1L",Ridgewood,2750,3 BD,1 BA
"46-04 Vernon Boulevard, Unit 4D",Long Island City,4150,2 BD,2 BA
"42-51 Hunter Street, Unit 2D",Long Island City,4500,2 BD,2 BA
25-45 Steinway Street,Astoria,2500,3 BD,1 BA
"18-68 Bleecker Street, Unit 1L",Ridgewood,1750,1 BD,1 BA
46-10 Skillman Avenue,Sunnyside,5500,empty Beds,2 BA
"33-58 14th Street, Unit 1",Astoria,2950,3 BD,1.5 BA
"88-05 Roosevelt Avenue, Unit 1st Floor",Jackson Heights,8500,empty Beds,0.5 BA
"25-27 18th Street, Unit 2B",Astoria,2250,1 BD,1 BA
"42-22 Ketcham Street, Unit F8",Elmhurst,2800,3 BD,2 BA
"1722 Greene Avenue, Unit 2LL",Ridgewood,2800,3 BD,1.5 BA
1727 Harman Street,Ridgewood,2695,2 BD,1 BA
"494 Seneca Avenue, Unit 4",Ridgewood,2000,1 BD,1 BA
"494 Seneca Avenue, Unit 4",Ridgewood,2000,1 BD,1 BA
"43-25 Hunter Street, Unit 310W",Long Island City,2702,Studio,1 BA
"43-25 Hunter Street, Unit 4613W",Long Island City,4596,2 BD,2 BA
"43-10 Crescent Street, Unit 317",Long Island City,4850,2 BD,2 BA
43-10 Crescent Street,Long Island City,6577,3 BD,2 BA
"43-10 Crescent Street, Unit 3404",Long Island City,3642,1 BD,1 BA
"43-10 Crescent Street, Unit 423",Long Island City,3453,1 BD,1 BA
"17802 Hillside Avenue, Unit 619",Eastwood,1925,Studio,1 BA
"48-06 Skillman Avenue, Unit 3F",Sunnyside,1700,1 BD,1 BA
"31-43 Vernon Boulevard, Unit 704",Astoria,4950,2 BD,2 BA
"34-15 Parsons Boulevard, Unit 3F",Murray Hill - Flushing,1824,Studio,1 BA
"132-61 Sanford Avenue, Unit 5B",Downtown Flushing,1925,1 BD,1 BA
"34-15 Parsons Boulevard, Unit 4K",Murray Hill - Flushing,2455,2 BD,1 BA
"132-45 Maple Avenue, Unit 310",Flushing,1685,Studio,1 BA
"151-10 35th Avenue, Unit L3",Murray Hill - Flushing,1800,1 BD,1 BA
139-18 34th Road,Flushing,1812,1 BD,1 BA
"99-12 65th Road, Unit 5KK",Rego Park,2315,2 BD,1 BA
"65-09 99th Street, Unit 3BB",Rego Park,1800,Studio,1 BA
"183-11 Hillside Avenue, Unit 9B",Jamaica Estates,1450,Studio,1 BA
"62-72 81st Street, Unit 2",Middle Village,2200,2 BD,1 BA
"132-25 Maple Avenue, Unit 509",Flushing,1650,Studio,1 BA
132-25 Maple Avenue,Flushing,1800,1 BD,1 BA
"34-15 Parsons Boulevard, Unit 2CC",Murray Hill - Flushing,1925,Studio,1 BA
"30-11 34th Street, Unit 4E",Astoria,1900,1 BD,1 BA
"75-25 153rd Street, Unit 137",Kew Gardens Hills,1993,1 BD,1 BA
"62-60 99th Street, Unit 512",Rego Park,3239,3 BD,2 BA
"56-21 61st Street, Unit 2L",Maspeth,1620,1 BD,1 BA
"75-25 153rd Street, Unit 437",Kew Gardens Hills,2015,1 BD,1 BA
"62-60 99th Street, Unit 1119",Rego Park,2768,2 BD,2 BA
"50-21 39th Place, Unit 4B",Sunnyside,2000,1 BD,1 BA
"75-25 153rd Street, Unit 241",Kew Gardens Hills,3672,3 BD,2 BA
"62-60 99th Street, Unit 701A",Rego Park,4164,4 BD,2 BA
"30-89 38th Street, Unit 1W",Astoria,2850,1 BD,1 BA
"28-05 42nd Street, Unit 3R",Astoria,1875,1 BD,1 BA
"11 31st Avenue, Unit 11B",Astoria,2600,1 BD,1 BA
"30-11 34th Street, Unit 5E",Astoria,2400,2 BD,1 BA
"41-06 52nd Street, Unit 3C",Woodside,1750,1 BD,1 BA
"209-01 42nd Avenue, Unit 26",Bayside,2200,2 BD,1 BA
"28-25 33rd Street, Unit B8",Astoria,1800,1 BD,1 BA
"62-60 99th Street, Unit 215",Rego Park,3839,4 BD,2 BA
"30-74 32nd Street, Unit 23",Astoria,1700,1 BD,1 BA
"62-60 99th Street, Unit 909A",Rego Park,2435,2 BD,2 BA
"32-02 34th Avenue, Unit 6B",New Astoria,1750,1 BD,1 BA
"65-36 99th Street, Unit H3",Rego Park,1892,Studio,1 BA
"65-09 99th Street, Unit 33L",Rego Park,1707,Studio,1 BA
37-33 College Pt Boulevard,Downtown Flushing,1800,1 BD,1 BA
"143-45 Sanford Avenue, Unit 203S",Downtown Flushing,1980,1 BD,1 BA
"143-45 Sanford Avenue, Unit 506S",Downtown Flushing,1685,Studio,1 BA
"132-45 Maple Avenue, Unit 112M",Flushing,1925,1 BD,1 BA
"132-25 Maple Avenue, Unit 409",Flushing,1650,Studio,1 BA
"45-15 Colden Street, Unit 4H",Queensboro Hill,1863,1 BD,1 BA
"64-85 Wetherole Street, Unit 4H",Rego Park,2025,1 BD,1 BA
"97-50 Queens Boulevard, Unit 312",Rego Park,1772,Studio,1 BA
"97-45 Queens Boulevard, Unit 707",Rego Park,3450,2 BD,1 BA
"98-01 67th Avenue, Unit 7U",Rego Park,2326,1 BD,1 BA
"47-20 40th Street, Unit 3D",Sunnyside,2251,2 BD,1 BA
43-25 Hunter Street,Long Island City,5130,2 BD,2 BA
"5-11 47th Avenue, Unit 8A",Hunters Point,3011,Studio,1 BA
"97-50 Queens Boulevard, Unit 212",Rego Park,1772,Studio,1 BA
"98-05 67th Avenue, Unit 1O",Rego Park,1796,Studio,1 BA
"43-23 42nd Street, Unit 207",Sunnyside,3025,2 BD,1 BA
"43-25 Hunter Street, Unit 4504W",Long Island City,3811,1 BD,1 BA
"29-06 21st Avenue, Unit 3D",Ditmars,1900,1 BD,1 BA
"2-14 50th Avenue, Unit 1104W",Hunters Point,5505,2 BD,2 BA
"43-25 Hunter Street, Unit 840E",Long Island City,3642,1 BD,1 BA
"43-25 Hunter Street, Unit 4604W",Long Island City,3816,1 BD,1 BA
"29-23 23rd Road, Unit 3",Astoria,3800,3 BD,2 BA
"43-10 Crescent Street, Unit 3503",Long Island City,3742,1 BD,1 BA
"43-10 Crescent Street, Unit 2719",Long Island City,3483,1 BD,1 BA
"98-30 67th Avenue, Unit 5G",Rego Park,2275,1 BD,1 BA
"23-10 Queens Plaza South, Unit 15J",Long Island City,5000,2 BD,2 BA
"99-60 64th Avenue, Unit 4U",Rego Park,2242,1 BD,1 BA
"88-36 Elmhurst Avenue, Unit 3A",Elmhurst,1775,Studio,1 BA
"83-40 Britton Avenue, Unit 6A",Elmhurst,1900,1 BD,1 BA
"41-25 Case Street, Unit 5F",Elmhurst,1815,Studio,1 BA
"37-40 81st Street, Unit B2",Jackson Heights,2013,1 BD,1 BA
"34-09 150th Street, Unit 2",Murray Hill - Flushing,3000,3 BD,2 BA
"27-21 44th Drive, Unit 2603",Long Island City,3000,1 BD,1 BA
"5-11 47th Avenue, Unit 8A",Hunters Point,3011,Studio,1 BA
"42-15 Crescent Street, Unit 404F",Long Island City,2317,Studio,1 BA
"46 Center Boulevard, Unit 1705",Upper West Side,7300,3 BD,3 BA
"22-22 Jackson Avenue, Unit 709",Hunters Point,2662,Studio,1 BA
"46-30 Center Boulevard, Unit 501",Hunters Point,6995,3 BD,3 BA
"41-17 Crescent Street, Unit 9D",Long Island City,4950,2 BD,2 BA
"104-22 39th Avenue, Unit 4A",North Corona,1780,1 BD,1 BA
"22-22 Jackson Avenue, Unit 901",Hunters Point,4195,2 BD,2 BA
"42-15 Crescent Street, Unit 606N",Long Island City,2688,1 BD,1 BA
"23-62 38th Street, Unit 1L",Astoria,2650,2 BD,1 BA
"7520 62nd Street, Unit 2",Glendale,2475,3 BD,1 BA
"43-09 47th Avenue, Unit 1M",Sunnyside,2703,2 BD,1 BA
"12-02 Astoria Boulevard, Unit 2A",Astoria,2450,1 BD,1 BA
"65-70 Austin Street, Unit 403",Rego Park,2050,1 BD,1 BA
"17-11 Himrod Street, Unit 3R",Ridgewood,2450,2 BD,1 BA
"65-70 Austin Street, Unit 602",Rego Park,2225,1 BD,1 BA
"61-55 Junction Boulevard, Unit 14Q",Rego Park,2410,Studio,1 BA
"61-55 Junction Boulevard, Unit 20C",Rego Park,3600,2 BD,2 BA
"23-31 33rd Street, Unit 1",Astoria,2350,2 BD,1 BA
"90-02 Queens Boulevard, Unit 7",Elmhurst,4000,2 BD,1 BA
"6080 Myrtle Avenue, Unit 2G",Ridgewood,2500,2 BD,1 BA
"381 Onderdonk Avenue, Unit 3L",Ridgewood,2900,3 BD,1.5 BA
"48-15 11th Street, Unit 4E",Hunters Point,4875,2 BD,2 BA
"98-30 67th Avenue, Unit 1V",Rego Park,2125,1 BD,1 BA
"37-02 31st Avenue, Unit 1R",Astoria,2100,1 BD,1 BA
"31-43 Vernon Boulevard, Unit 609",Astoria,2979,1 BD,1 BA
"31-43 Vernon Boulevard, Unit 614",Astoria,3002,1 BD,1 BA
"111-11 Liberty Avenue, Unit 3",Richmond Hill,1300,1 BD,1 BA
"36-20 Bowne Street, Unit 1N",Downtown Flushing,2690,3 BD,2 BA
"37-14 36th Street, Unit 8F",Long Island City,2284,Studio,1 BA
"48-05 46th Street, Unit 3B",Sunnyside,2150,2 BD,1 BA
"23-22 30th Road, Unit 12",Astoria,2125,Studio,1 BA
"42-12 28th Street, Unit 55A",Long Island City,5000,2 BD,2 BA
"11-02 49th Avenue, Unit 7C",Hunters Point,5700,2 BD,2.5 BA
"61-55 Junction Boulevard, Unit 14Q",Rego Park,2410,Studio,1 BA
"30-85 Vernon Boulevard, Unit 3N",Astoria,3100,2 BD,1.5 BA
"2247 Harman Street, Unit 2",Ridgewood,2600,3 BD,2 BA
"23-01 42nd Road, Unit 38K",Long Island City,3850,1 BD,1 BA
"61-55 Junction Boulevard, Unit 20C",Rego Park,3600,2 BD,2 BA
"28-40 Jackson Avenue, Unit 28D",Long Island City,3918,1 BD,1 BA
"104-60 Queens Boulevard, Unit 18R",Rego Park,2050,Studio,1 BA
"12-10 31st Drive, Unit 2",Astoria,3800,3 BD,1.5 BA
"111-11 Liberty Avenue, Unit 2",Richmond Hill,1600,2 BD,1 BA
"218-84 Hempstead Avenue, Unit 2",Queens Village,1650,2 BD,1 BA
"25-34 Crescent Street, Unit 17",Astoria,1700,Studio,1 BA
"43-22 Queens Street, Unit 3102",Long Island City,3927,1 BD,1 BA
"43-22 Queens Street, Unit 1601",Long Island City,3904,1 BD,1 BA
"43-22 Queens Street, Unit 3105",Long Island City,3813,1 BD,1 BA
"43-22 Queens Street, Unit 4307",Long Island City,3813,1 BD,1 BA
"43-22 Queens Street, Unit 1507",Long Island City,3698,1 BD,1 BA
"43-22 Queens Street, Unit 609",Long Island City,3684,1 BD,1 BA
"43-22 Queens Street, Unit 3101",Long Island City,5357,2 BD,2 BA
"43-22 Queens Street, Unit 357",Long Island City,3375,Studio,1 BA
"30-02 39th Avenue, Unit A111",Long Island City,2893,Studio,1 BA
"41-40 40th Street, Unit A5",Sunnyside,2500,2 BD,1 BA
"45-50 Pearson Street, Unit 14D",Long Island City,2531,Studio,1 BA
"135-21 140th Street, Unit 1",South Jamaica,2300,3 BD,1 BA
"45-50 Pearson Street, Unit 9K",Long Island City,3900,2 BD,1 BA
"45-50 Pearson Street, Unit 8P",Long Island City,2885,1 BD,1 BA
"29-06 21st Avenue, Unit 1J",Ditmars,2400,2 BD,1 BA
"42-12 28th Street, Unit 53A",Long Island City,4960,2 BD,2 BA
"42-12 28th Street, Unit 48E",Long Island City,2705,Studio,1 BA
"42-12 28th Street, Unit 43K",Long Island City,3035,Studio,1 BA
"45-50 Pearson Street, Unit 12R",Long Island City,3023,1 BD,1 BA
"29-06 21st Avenue, Unit 1I",Ditmars,2100,2 BD,1 BA
"45-50 Pearson Street, Unit 4G",Long Island City,2815,1 BD,1 BA
"30-79 32nd Street, Unit 4B",Astoria,2300,1 BD,1 BA
"1881 Troutman Street, Unit 3F",Ridgewood,3100,4 BD,2 BA
"35-61 84th Street, Unit 205",Jackson Heights,2750,2 BD,2 BA
"1881 Troutman Street, Unit 1F",Ridgewood,2600,3 BD,1 BA
"44-27 Purves Street, Unit 6E",Long Island City,2600,Studio,1 BA
"21-17 31st Avenue, Unit 1C",Astoria,2500,1 BD,1 BA
"46-30 Center Boulevard, Unit 304",Hunters Point,5000,2 BD,2 BA
"99-72 66th Road, Unit 9H",Rego Park,1600,Studio,1 BA
"22-73 41st Street, Unit 13",Astoria,2062,1 BD,1 BA
"3094 Crescent Street, Unit 2E",Astoria,2550,1 BD,1 BA
"10 Halletts Point, Unit 1641",Astoria,4281,2 BD,2 BA
"10 Halletts Point, Unit 1544",Astoria,2835,1 BD,1 BA
"10 Halletts Point, Unit 1115",Astoria,3348,2 BD,1 BA
"10 Halletts Point, Unit 1437",Astoria,2295,Studio,1 BA
"26-25 28th Street, Unit 1D",Astoria,2725,1 BD,1 BA
"26-25 28th Street, Unit 1C",Astoria,2315,Studio,1 BA
"11-15 Broadway, Unit 4H",Astoria,2995,1 BD,1 BA
"30-50 21st Street, Unit 5C",Astoria,2755,1 BD,1 BA
"109-33 71st Road, Unit 3E",Forest Hills,1750,Studio,1 BA
"4545 Center Boulevard, Unit 303",Hunters Point,2695,Studio,1 BA
"2323 31st Avenue, Unit 2M",Astoria,2125,Studio,1 BA
"21-16 35th Street, Unit 3B",Steinway,2400,2 BD,1 BA
"109-33 71st Road, Unit 8H",Forest Hills,1650,Studio,1 BA
"104-60 Queens Boulevard, Unit 3L",Rego Park,2345,1 BD,1 BA
98-15 Horace Harding Expressway,LeFrak City,2726,2 BD,1 BA
"43-23 40th Street, Unit 5J",Sunnyside,2150,1 BD,1 BA
"61-55 Junction Boulevard, Unit 23D",Rego Park,2850,1 BD,1 BA
"61-55 Junction Boulevard, Unit 25A",Rego Park,2931,1 BD,1 BA
"17802 Hillside Avenue, Unit 320",Eastwood,3925,2 BD,2 BA
"17802 Hillside Avenue, Unit 313",Eastwood,2500,1 BD,1 BA
"44-15 Colden Street, Unit 1B",Flushing,1701,Studio,1 BA
"64-20 Saunders Street, Unit 721",Rego Park,1755,Studio,1 BA
"30-86 32nd Street, Unit 6",Astoria,1875,1 BD,1 BA
"47-50 59th Street, Unit 1D",Woodside,1750,1 BD,1 BA
"41-42 24th Street, Unit 9927",Long Island City,2763,1 BD,1 BA
"105-21 66th Avenue, Unit 5D",Forest Hills,2400,2 BD,1 BA
"19-19 24th Avenue, Unit L402",Astoria,2095,1 BD,1 BA
"41-42 24th Street, Unit 5102",Long Island City,4032,2 BD,1 BA
"61-55 Junction Boulevard, Unit 23D",Rego Park,2850,1 BD,1 BA
"61-55 Junction Boulevard, Unit 25A",Rego Park,2931,1 BD,1 BA
"10 Halletts Point, Unit 1109",Astoria,2610,1 BD,1 BA
"35-24 78th Street, Unit B64",Jackson Heights,2750,2 BD,1 BA
"41-22 24th Street, Unit 7H",Long Island City,2447,Studio,1 BA
"41-22 24th Street, Unit 7H",Long Island City,2447,Studio,1 BA
"175-39 Dalny Road, Unit 5A",Jamaica Estates,1695,Studio,1 BA
"47-05 Center Boulevard, Unit 707",Hunters Point,3625,1 BD,1 BA
"32-15 35th Street, Unit A3",Astoria,2200,1 BD,1 BA
"48-19 Vernon Boulevard, Unit 2B",Hunters Point,2500,1 BD,1 BA
"1869 Gates, Unit 2R",Ridgewood,2850,3 BD,2 BA
"1869 Gates, Unit 2L",Ridgewood,2850,3 BD,2 BA
"30-44 32nd Street, Unit A2",Astoria,2613,2 BD,1 BA
"37-14 36th Street, Unit 11DD",Long Island City,4085,2 BD,2 BA
"41-42 24th Street, Unit 6246",Long Island City,2376,Studio,1 BA
"34-04 34th Avenue, Unit A33",New Astoria,2567,2 BD,1 BA
"34-04 34th Avenue, Unit B11",New Astoria,3575,3 BD,1 BA
"86-02 Park Lane South, Unit 5A",Woodhaven,2095,1 BD,1 BA
"154 Woodward Avenue, Unit 1L",Ridgewood,3000,2 BD,1 BA
"26-22 18th Street, Unit 3R",Astoria,2200,2 BD,1 BA
"47-37 45th Street, Unit 5K",Sunnyside,1790,1 BD,1 BA
"45-15 Colden Street, Unit 3C",Queensboro Hill,1971,1 BD,1 BA
"62-60 108th Street, Unit 4J",Forest Hills,2592,2 BD,1 BA
"102-50 62nd Road, Unit 2J",Rego Park,1728,Studio,1 BA
"123-60 83rd Avenue, Unit 3V",Kew Gardens,1728,Studio,1 BA
"137-20 45th Avenue, Unit 1S",Flushing,2403,2 BD,1 BA
"44-41 Purves Street, Unit 2304",Long Island City,2680,Studio,1 BA
"38-53 12th Street, Unit 2",Long Island City,2600,2 BD,2 BA
"41-18 Crescent Street, Unit 10J",Long Island City,3575,2 BD,1 BA
"93-02 103rd Avenue, Unit 2B",Ozone Park,2500,2 BD,1 BA
"93-02 103rd Avenue, Unit 2A",Ozone Park,2500,2 BD,1 BA
"37-40 27th Street, Unit 2F",Long Island City,2225,Studio,1 BA
"134 Meridian Boulevard, Unit A",Arverne,2800,3 BD,2.5 BA
"31-35 31st Street, Unit 411",Astoria,2700,1 BD,1 BA
"31-57 31st Street, Unit 209",Astoria,4395,2 BD,2 BA
"40-28 College Pt Boulevard, Unit 915",Flushing,2700,1 BD,1 BA
"40-26 College Pt Boulevard, Unit 10A",Flushing,2300,1 BD,1 BA
"90-02 Queens Boulevard, Unit 514",Elmhurst,1800,Studio,1 BA
"90-02 Queens Boulevard, Unit 514",Elmhurst,1800,Studio,1 BA
"31-14 35th Street, Unit 4A",Astoria,1900,1 BD,1 BA
"104-60 Queens Boulevard, Unit 7R",Rego Park,1955,Studio,1 BA
"98-01 67th Avenue, Unit 9U",Rego Park,2411,1 BD,1 BA
"29-22 Northern Boulevard, Unit 3106",Long Island City,3190,Studio,1 BA
"29-22 Northern Boulevard, Unit 2707",Long Island City,2825,Studio,1 BA
"5662 Remsen Place, Unit 3",Maspeth,1850,2 BD,1 BA
"17802 Hillside Avenue, Unit 519",Eastwood,1875,Studio,1 BA
"71-22 67th Place, Unit 2",Glendale,1900,2 BD,1 BA
"44-28 Purves Street, Unit 5J",Long Island City,2755,Studio,1 BA
"21-57 33rd Street, Unit 5H",Steinway,2195,2 BD,1 BA
"46-10 Center Boulevard, Unit 2404",Hunters Point,2600,Studio,1 BA
"37-25 33rd Street, Unit 4C",Long Island City,2600,1 BD,1 BA
"37 73rd Street, Unit 3P",Jackson Heights,2295,1 BD,1 BA
"19-19 24th Avenue, Unit R302",Astoria,2195,1 BD,1 BA
"37-25 33rd Street, Unit 5E",Long Island City,2750,1 BD,1 BA
"98-05 67th Avenue, Unit 12B",Rego Park,2302,1 BD,1 BA
"104-40 Queens Boulevard, Unit 2G",Rego Park,2880,2 BD,1 BA
"60-31 60th Place, Unit 1C",Maspeth,1800,Studio,1 BA
"779 Wyckoff Avenue, Unit 4B",Ridgewood,3135,2 BD,2 BA
"72-10 41st Avenue, Unit 1X",Elmhurst,2471,2 BD,1 BA
"31-57 31st Street, Unit 6211",Astoria,2425,Studio,1 BA
"21-72 43rd Street, Unit 3",Steinway,3000,4 BD,2 BA
"147-36 94th Avenue, Unit 18I",Jamaica,2170,1 BD,1 BA
"10 47th Road, Unit 2",Hunters Point,3800,2 BD,1 BA
"45-42 Vernon Boulevard, Unit 1",Hunters Point,2400,1 BD,1 BA
"10 47th Road, Unit 1",Hunters Point,4000,2 BD,1 BA
"34-44 33rd Street, Unit 3",New Astoria,2900,3 BD,1.5 BA
"11-15 Broadway, Unit 5K",Astoria,2410,1 BD,1 BA
"25-16 Crescent Street, Unit 1",Astoria,3800,3 BD,2 BA
"31-57 31st Street, Unit PHB",Astoria,4075,2 BD,2 BA
"61-55 Junction Boulevard, Unit 18R",Rego Park,2875,1 BD,1 BA
"21-12 33rd Avenue, Unit 2",Astoria,3300,3 BD,2 BA
"14-43 28th Avenue, Unit 5B",Astoria,1750,Studio,1 BA
"42-12 28th Street, Unit 44C",Long Island City,6760,3 BD,2 BA
"42-12 28th Street, Unit 57E",Long Island City,2775,Studio,1 BA
"42-12 28th Street, Unit 53F",Long Island City,4164,1 BD,1 BA
"102-21 63rd Road, Unit B33",Rego Park,1800,1 BD,1 BA
"4-75 48th Avenue, Unit 423",Hunters Point,3300,1 BD,1 BA
"41-58 74th Street, Unit 1",Elmhurst,1700,1 BD,1 BA
"61-55 Junction Boulevard, Unit 18R",Rego Park,2875,1 BD,1 BA
"47-37 45th, Unit 5K",Sunnyside,1790,1 BD,1 BA
"43-25 Hunter Street, Unit 437E",Long Island City,3536,1 BD,1 BA
"104-20 Queens Boulevard, Unit 7T",Rego Park,2330,1 BD,1 BA
20-45 49th Street,Steinway,6900,3 BD,4 BA
"5-11 47th Avenue, Unit PHD",Hunters Point,3259,Studio,1 BA
"2-40 51st Avenue, Unit 4B",Hunters Point,3600,1 BD,1 BA
"38-19 27th Street, Unit 2",Long Island City,2500,3 BD,1 BA
"43-22 Queens Street, Unit 714",Long Island City,6004,2 BD,2 BA
43-22 Queens Street,Long Island City,4092,1 BD,1 BA
"43-22 Queens Street, Unit 910",Long Island City,4078,1 BD,1 BA
"1724 Greene, Unit 2L",Ridgewood,2800,3 BD,1.5 BA
"34-09 83rd Street, Unit D42",Jackson Heights,1850,1 BD,1 BA
"83-40 Britton Avenue, Unit 3H",Elmhurst,1790,Studio,1 BA
"43-23 40th Street, Unit 4F",Sunnyside,1975,1 BD,1 BA
"43-08 40th Street, Unit 1H",Sunnyside,1800,Studio,1 BA
"35-16 34th Street, Unit 6A",New Astoria,1855,Studio,1 BA
"73-12 35th Avenue, Unit C56",Jackson Heights,2595,1 BD,1 BA
"26-38 21st Street, Unit 3J",Astoria,3500,2 BD,1 BA
"40-07 73rd Street, Unit 6D",Elmhurst,4400,2 BD,2 BA
"40-07 73rd Street, Unit 4",Elmhurst,2566,2 BD,2 BA
"90-02 Queens Boulevard, Unit 401",Elmhurst,3000,3 BD,1 BA
"122-20 Ocean Promenade, Unit 7H",Rockaway Park,1825,1 BD,1 BA
"109-02 177th Street, Unit 2",Jamaica,2450,3 BD,1 BA
"43-25 Hunter Street, Unit 4312W",Long Island City,4389,2 BD,2 BA
"33-53 82nd Street, Unit E210",Jackson Heights,3000,3 BD,1 BA
"21-17 22nd Road, Unit 2",Ditmars,2550,3 BD,1 BA
50 39th Avenue,Woodside,4000,Studio,empty Bath
"1803 Starr Street, Unit 1",Ridgewood,3500,3 BD,1.5 BA
"18-10 27th Avenue, Unit 4D",Astoria,2360,1 BD,1 BA
"42-08 Union Street, Unit 2",Flushing,2300,2 BD,2 BA
"42-08 Union Street, Unit 3",Flushing,2900,3 BD,3 BA
"31-72 31st Street, Unit 4A",Astoria,2150,1 BD,1 BA
"34-15 Parsons Boulevard, Unit 3CC",Murray Hill - Flushing,1916,Studio,1 BA
"41-22 24th Street, Unit 9C",Long Island City,3812,2 BD,2 BA
"41-22 24th Street, Unit 9C",Long Island City,3812,2 BD,2 BA
97-20 57th Avenue,South Corona,3283,3 BD,2 BA
"104-60 Queens Boulevard, Unit 1W",Rego Park,2655,2 BD,1 BA
"65-44 Saunders Street, Unit 406",Rego Park,2268,1 BD,1 BA
"98-05 67th Avenue, Unit 12F",Rego Park,2067,1 BD,1 BA
"48-50 37th Street, Unit 2L",Sunnyside,2245,1 BD,1 BA
"1738 Harman Street, Unit 1R",Ridgewood,2700,1 BD,1.5 BA
"1738 Harman Street, Unit 1R",Ridgewood,2700,1 BD,1.5 BA
"75-25 153rd Street, Unit 353",Kew Gardens Hills,2258,1 BD,1 BA
"17-07 Gates Avenue, Unit 1R",Ridgewood,2250,2 BD,1 BA
"25-04 44th Street, Unit 3",Astoria,2750,2 BD,1 BA
"41-18 Crescent Street, Unit 9B",Long Island City,3300,1 BD,1 BA
"42-60 Crescent Street, Unit 3C",Long Island City,4200,2 BD,2 BA
"147-36 94th Avenue, Unit 20K",Jamaica,2170,1 BD,1 BA
"4-74 48th Avenue, Unit 34G",Hunters Point,2900,1 BD,1 BA
"104-60 Queens Boulevard, Unit 2N",Rego Park,2000,Studio,1 BA
"39-54 65th Place, Unit 2",Woodside,2500,3 BD,1 BA
"143-40 41st Avenue, Unit 2",Downtown Flushing,1790,1 BD,1 BA
64-09 102nd Street,Rego Park,2200,2 BD,1 BA
"20-42 Steinway Street, Unit 1A",Steinway,3200,3 BD,1 BA
"44-41 Purves Street, Unit 1305",Long Island City,3250,1 BD,1 BA
"44-41 Purves Street, Unit 2408",Long Island City,5600,3 BD,2 BA
"36-08 30th Avenue, Unit 2R",Astoria,1900,1 BD,1 BA
"104-20 Queens Boulevard, Unit 7L",Rego Park,2340,1 BD,1 BA
"30-90 38th Street, Unit 4R",Astoria,2337,4 BD,1 BA
"47-50 59th Street, Unit 5C",Woodside,2159,2 BD,1 BA
"31-50 33rd Street, Unit 7A",Astoria,2595,2 BD,1 BA
"37-14 36th Street, Unit 11E",Long Island City,4329,2 BD,2.5 BA
"4-74 48th Avenue, Unit 34A",Hunters Point,4800,2 BD,2 BA
"48-16 46th Street, Unit C3",Sunnyside,1750,1 BD,1 BA
"43-22 Queens Street, Unit 602",Long Island City,4381,1 BD,1 BA
41-43 39th Place,Sunnyside,2850,2 BD,1.5 BA
"1727 Harman Street, Unit 2",Ridgewood,2495,2 BD,1 BA
"1736 Harman Street, Unit 4",Ridgewood,2700,2 BD,1 BA
"1736 Harman Street, Unit 4",Ridgewood,2700,2 BD,1 BA
"86-02 Forest Parkway, Unit 2F",Woodhaven,1875,1 BD,1 BA
"119-21 Metropolitan Avenue, Unit 4K",Kew Gardens,2025,1 BD,1 BA
"99-65 64th Road, Unit 5H",Rego Park,2028,1 BD,1 BA
"2507 24th Avenue, Unit 1B",Astoria,2250,3 BD,1 BA
"41-25 Case Street, Unit 5T",Elmhurst,2100,1 BD,1 BA
"41-26 73rd Street, Unit D43",Elmhurst,2000,1 BD,1 BA
"37-37 88th Street, Unit F9",Jackson Heights,2075,1 BD,1 BA
"43-09 47th Avenue, Unit 5L",Sunnyside,1850,Studio,1 BA
"32-42 33rd Street, Unit F9",Astoria,2100,1 BD,1 BA
"45-02 Ditmars Boulevard, Unit 427",Astoria,2350,1 BD,1 BA
"28-40 Jackson Avenue, Unit 25H",Long Island City,3695,1 BD,1 BA
"25-31 Crescent Street, Unit 2",Astoria,2300,3 BD,1 BA
"28-40 Jackson Avenue, Unit 22L",Long Island City,3746,1 BD,1 BA
"45-02 Ditmars Boulevard, Unit 424",Astoria,2400,1 BD,1 BA
377 Onderdonk Avenue,Ridgewood,2900,3 BD,1 BA
"104-20 Queens Boulevard, Unit 9H",Rego Park,2970,2 BD,1 BA
"152 Beach 125th Street, Unit 2",Rockaway Park,1600,1 BD,1 BA
"1625 Putnam Avenue, Unit 5H",Ridgewood,2750,3 BD,1 BA
"48-38 42nd Street, Unit 2",Sunnyside,2950,2 BD,1 BA
"143-40 41st, Unit 2",Downtown Flushing,1790,1 BD,1 BA
"42 Crescent Street, Unit 5D",Upper West Side,4500,2 BD,2 BA
"32-37 47th Street, Unit 2",Astoria,2700,2 BD,1 BA
"44-41 Purves Street, Unit 1401",Long Island City,4550,2 BD,2 BA
97-05 Horace Harding Expressway,LeFrak City,2398,1 BD,1 BA
"48-36 47th Street, Unit 3F",Sunnyside,2150,2 BD,1 BA
"62-60 99th Street, Unit 205",Rego Park,2490,2 BD,2 BA
"131 Beach 119th Street, Unit 4D",Rockaway Park,1595,1 BD,1 BA
"131 Beach 119th Street, Unit 3E",Rockaway Park,1395,Studio,1 BA
"45-55 48th Street, Unit 1E",Sunnyside,1600,1 BD,1 BA
"61-55 Junction Boulevard, Unit 12G",Rego Park,3795,2 BD,2 BA
"67-15 Dartmouth Street, Unit 1D",Rego Park,1863,1 BD,1 BA
"105-40 62nd Road, Unit 5R",Forest Hills,1674,Studio,1 BA
"48-50 38th Street, Unit 2B",Sunnyside,2268,1 BD,1 BA
"64-20 Saunders Street, Unit 715",Rego Park,2114,1 BD,1 BA
"64-20 Saunders Street, Unit 611",Rego Park,2592,2 BD,1 BA
"137-20 45th Avenue, Unit 5V",Flushing,1998,1 BD,1 BA
"43-10 Crescent Street, Unit 2011",Long Island City,3588,1 BD,1 BA
"10 Halletts Point, Unit 702",Astoria,2632,1 BD,1 BA
"44-28 Purves Street, Unit 16L",Long Island City,4150,1 BD,1 BA
"42-12 28th Street, Unit 18F",Long Island City,3405,1 BD,1 BA
"42-17 27th Street, Unit 18F",Long Island City,2779,Studio,1 BA
"65-15 Yellowstone Boulevard, Unit 3D",Forest Hills,1675,1 BD,1 BA
"68-12 Yellowstone Boulevard, Unit 2S",Forest Hills Ward,2400,1 BD,1 BA
"32-06 Astoria Boulevard, Unit 5F",Astoria,2099,Studio,1 BA
"63-35 60th Place, Unit 1",Ridgewood,2100,3 BD,1 BA
"103-44 68th Avenue, Unit K",Forest Hills Ward,3199,2 BD,2 BA
"61-55 Junction Boulevard, Unit 12G",Rego Park,3795,2 BD,2 BA
"23-31 33rd, Unit 1",Astoria,2350,2 BD,1 BA
"31-57 31st Street, Unit PHA",Astoria,2699,Studio,1 BA
"99-12 65th Road, Unit 2D",Rego Park,3231,3 BD,2 BA
"29-22 Northern Boulevard, Unit 1604",Long Island City,5575,3 BD,2 BA
"29-22 Northern Boulevard, Unit 1602",Long Island City,5340,3 BD,2 BA
"29-22 Northern Boulevard, Unit 1601",Long Island City,5460,3 BD,2 BA
"29-22 Northern Boulevard, Unit 1609",Long Island City,5600,3 BD,2 BA
"29-22 Northern Boulevard, Unit 1509",Long Island City,5475,3 BD,2 BA
"29-22 Northern Boulevard, Unit 1504",Long Island City,5430,3 BD,2 BA
"29-22 Northern Boulevard, Unit 1501",Long Island City,5350,3 BD,2 BA
"29-22 Northern Boulevard, Unit 1404",Long Island City,5405,3 BD,2 BA
"29-22 Northern Boulevard, Unit 1202",Long Island City,5175,3 BD,2 BA
"29-22 Northern Boulevard, Unit 1401",Long Island City,5290,3 BD,2 BA
"41-47 68th Street, Unit 2F",Woodside,1750,1 BD,1 BA
"104-20 Queens Boulevard, Unit 19J",Rego Park,3715,3 BD,2 BA
"53 Skillman Avenue, Unit 3R",Woodside,2600,2 BD,1 BA
"29-22 Northern Boulevard, Unit 1708",Long Island City,2494,Studio,1 BA
"29-22 Northern Boulevard, Unit 1709",Long Island City,3505,1 BD,1 BA
"29-22 Northern Boulevard, Unit 1706",Long Island City,2980,Studio,1 BA
"82-46 135th Street, Unit 3U",Briarwood,1650,1 BD,1 BA
"10 Jackson Avenue, Unit 3E",Hunters Point,2700,1 BD,1 BA
"4-74 48th Avenue, Unit 29A",Hunters Point,4875,2 BD,1 BA
"164-20 Highland Avenue, Unit 4S",Jamaica Hills,1500,Studio,1 BA
"137-01 83rd Avenue, Unit 3U",Briarwood,1650,1 BD,1 BA
"109-02 177th Street, Unit 1",Jamaica,450000,3 BD,1 BA
"220-26 138th Avenue, Unit 2",Laurelton,4000,5 BD,2 BA
"21-16 35th Street, Unit 1F",Steinway,2400,2 BD,1 BA
"46-30 Center Boulevard, Unit 205",Hunters Point,7100,3 BD,3 BA
"7715 79th Place, Unit 1",Glendale,2225,2 BD,1 BA
"104-60 Queens Boulevard, Unit 6R",Rego Park,2075,Studio,1 BA
"26-48 29th Street, Unit 3A",Astoria,2350,1 BD,1 BA
"26-48 29th Street, Unit 1A",Astoria,1725,Studio,1 BA
"47-07 39th Street, Unit C16",Sunnyside,2200,2 BD,1 BA
"60-68 Putnam Avenue, Unit 1",Ridgewood,3400,4 BD,2 BA
"42-12 28th Street, Unit 38G",Long Island City,2700,Studio,1 BA
"23-10 Queens Plaza South, Unit 6F",Long Island City,3197,1 BD,1 BA
"19-19 24th Avenue, Unit R116",Astoria,2250,1 BD,1 BA
"34-04 34th Avenue, Unit B1",New Astoria,3575,4 BD,1 BA
"1819 Palmetto Street, Unit 3",Ridgewood,2600,3 BD,1 BA
"166-24 Gothic Drive, Unit A",Jamaica Hillcrest,1600,1 BD,1 BA
"44-28 Purves Street, Unit 29A",Long Island City,3715,1 BD,1 BA
"104-60 Queens Boulevard, Unit 21U",Rego Park,2445,1 BD,1 BA
"14-05 31st Avenue, Unit 4A",Astoria,1800,1 BD,1 BA
"47-05 Center Boulevard, Unit 2407",Hunters Point,3525,1 BD,1 BA
"25-40 32nd Street, Unit 2",Astoria,2850,3 BD,1 BA
"47-05 Center Boulevard, Unit 1010",Hunters Point,3800,1 BD,1 BA
"40-40 79th Street, Unit B201",Elmhurst,1875,1 BD,1 BA
"10 51st Avenue, Unit 2",Hunters Point,2500,1 BD,1 BA
"87-11 78th Avenue, Unit 2",Glendale,2750,3 BD,1 BA
"14-36 28th Avenue, Unit 2L",Astoria,2295,2 BD,1 BA
"7311 67th Drive, Unit 1",Middle Village,3500,4 BD,2 BA
"37-33 11th Street, Unit 2",Long Island City,2500,3 BD,1 BA
"153-50 89th Avenue, Unit 531",Jamaica,2550,2 BD,2 BA
"30-02 39th Avenue, Unit B907",Long Island City,4680,2 BD,2 BA
"24-15 Queens Plaza North, Unit 7D",Long Island City,4000,2 BD,2 BA
"6208 77th Place, Unit 2",Middle Village,2100,1 BD,2 BA
"38-53 12th Street, Unit 1",Long Island City,2850,2 BD,2 BA
"41-41 47th Street, Unit 2",Sunnyside,2800,3 BD,1 BA
"43-25 Hunter Street, Unit 818W",Long Island City,3571,1 BD,1 BA
"43-25 Hunter Street, Unit 3208W",Long Island City,3466,1 BD,1 BA
"5-11 47th Avenue, Unit 6Y",Hunters Point,2885,Studio,1 BA
"59-10 Norman Street, Unit 1",Ridgewood,3495,2 BD,1 BA
"1885 Dekalb Avenue, Unit 2",Ridgewood,2000,2 BD,1 BA
"5-11 47th Avenue, Unit 6Y",Hunters Point,2885,Studio,1 BA
"104-20 Queens Boulevard, Unit 2B",Rego Park,4260,4 BD,2 BA
"41-22 24th Street, Unit 6G",Long Island City,3146,1 BD,1 BA
"41-22 24th Street, Unit 6G",Long Island City,3146,1 BD,1 BA
"97-50 Queens Boulevard, Unit 214",Rego Park,2106,1 BD,1 BA
"155-01 90th Avenue, Unit M",Jamaica,1575,Studio,1 BA
"43-10 Crescent Street, Unit 1519",Long Island City,3728,1 BD,1 BA
"43-25 Hunter Street, Unit 3812W",Long Island City,4729,2 BD,2 BA
"43-25 Hunter Street, Unit 731E",Long Island City,3699,1 BD,1 BA
"43-25 Hunter Street, Unit 4012W",Long Island City,3588,1 BD,1 BA
"43-25 Hunter Street, Unit 3608W",Long Island City,3486,1 BD,1 BA
"30-02 39th Avenue, Unit A706",Long Island City,3406,1 BD,1 BA
"2-14 50th Avenue, Unit 706E",Hunters Point,3480,1 BD,1 BA
"45-02 Ditmars Boulevard, Unit 530",Astoria,2550,1 BD,1 BA
"26-80 30th Street, Unit 6N",Astoria,1995,1 BD,1 BA
"74-07 64th Place, Unit 2",Glendale,2200,3 BD,1 BA
"22-06 38th Street, Unit 4J",Astoria,1900,1 BD,1 BA
"25-04 44th Street, Unit 15",Astoria,3350,3 BD,1 BA
"156-21 79th, Unit 2",Lindenwood,1800,2 BD,1 BA
"156-21 79th Street, Unit 2",Lindenwood,1800,2 BD,1 BA
"44-41 Purves Street, Unit 2206",Long Island City,4700,2 BD,2 BA
"43-22 Queens Street, Unit 3604",Long Island City,3094,Studio,1 BA
"43-22 Queens Street, Unit 657",Long Island City,2679,Studio,1 BA
"1941 76th Street, Unit 2",Astoria Heights,2800,3 BD,2 BA
"84-20 Austin Street, Unit 4H",Kew Gardens,2349,2 BD,1 BA
"105-40 62nd Road, Unit 2F",Forest Hills,1782,Studio,1 BA
"44-15 Colden Street, Unit 2T",Flushing,1863,1 BD,1 BA
"98-05 67th Avenue, Unit 6N",Rego Park,2173,1 BD,1 BA
"64-20 Saunders Street, Unit 617",Rego Park,2268,1 BD,1 BA
"44-35 Colden Street, Unit 3C",Flushing,2322,2 BD,1 BA
"98-01 67th Avenue, Unit 12K",Rego Park,1749,Studio,1 BA
"137-20 45th Avenue, Unit 1U",Flushing,1755,Studio,1 BA
"43-25 Hunter Street, Unit 3818W",Long Island City,4811,2 BD,2 BA
"42-12 28th Street, Unit 40C",Long Island City,6640,3 BD,2 BA
"42-12 28th Street, Unit 10F",Long Island City,3275,1 BD,1 BA
"31-43 Vernon Boulevard, Unit 802",Astoria,4721,2 BD,2 BA
"34 75th Street, Unit 2",Jackson Heights,2000,2 BD,1 BA
"34-06 32nd Street, Unit 6C",New Astoria,2550,2 BD,1 BA
"27-37 27th Street, Unit 1I",Astoria,2800,2 BD,1 BA
"28-10 Jackson Avenue, Unit 39S",Long Island City,5202,2 BD,1 BA
"40-28 College Pt Boulevard, Unit 806",Flushing,3100,2 BD,2 BA
"26-38 21st Street, Unit 6G",Astoria,2750,1 BD,1 BA
"104-60 Queens Boulevard, Unit 21J",Rego Park,3665,3 BD,2 BA
"29-22 Northern Boulevard, Unit 3514",Long Island City,3945,1 BD,1 BA
"43-25 Hunter Street, Unit 3410W",Long Island City,3476,1 BD,1 BA
"43-25 Hunter Street, Unit 1020W",Long Island City,3360,1 BD,1 BA
"43-25 Hunter Street, Unit 3903W",Long Island City,2842,Studio,1 BA
42-17 27th Street,Long Island City,3354,1 BD,1 BA
"43-25 Hunter Street, Unit 4106W",Long Island City,4851,2 BD,2 BA
43-25 Hunter Street,Long Island City,3648,1 BD,1 BA
"22-22 Jackson Avenue, Unit 814",Hunters Point,3133,1 BD,1 BA
"104-40 Queens Boulevard, Unit 17F",Rego Park,2825,2 BD,1 BA
"24-15 Queens Plaza North, Unit 9B",Long Island City,3000,1 BD,1 BA
"153-50 89th Avenue, Unit 310",Jamaica,1775,Studio,1 BA
"145-73 181st Street, Unit 2",Springfield Gardens,2500,3 BD,1 BA
"23-01 21st Avenue, Unit 1F",Ditmars,2400,1 BD,1 BA
"34-47 90th Street, Unit H42",Jackson Heights,2054,Studio,1 BA
"17802 Hillside Avenue, Unit 409",Eastwood,3675,2 BD,2 BA
"17802 Hillside Avenue, Unit 406",Eastwood,2250,1 BD,1 BA
"47-05 Center Boulevard, Unit 1709",Hunters Point,5400,2 BD,2 BA
"77-16 25th Avenue, Unit F2",Jackson Heights,2695,3 BD,1 BA
"30-44 32nd Street, Unit B4",Astoria,3369,3 BD,1 BA
"45-45 Center Boulevard, Unit 3602",Hunters Point,4615,2 BD,2 BA
"30-44 32nd Street, Unit B1",Astoria,2686,3 BD,1 BA
"104-40 Queens Boulevard, Unit 2W",Rego Park,2740,2 BD,1 BA
43-22 Queens Street,Long Island City,4074,1 BD,1 BA
"43-22 Queens Street, Unit 5202",Long Island City,3743,1 BD,1 BA
"43-22 Queens Street, Unit 5007",Long Island City,3541,1 BD,1 BA
"43-22 Queens Street, Unit 3405",Long Island City,3529,1 BD,1 BA
"43-22 Queens Street, Unit 612",Long Island City,3409,1 BD,1 BA
41-22 24th Street,Long Island City,3857,2 BD,1 BA
41-22 24th Street,Long Island City,3857,2 BD,1 BA
"53 Skillman Avenue, Unit 1L",Woodside,2450,2 BD,1 BA
"43-10 Crescent Street, Unit 318",Long Island City,2730,Studio,1 BA
2704 Hoyt Avenue South,Astoria,4000,2 BD,2 BA
"44-28 Purves Street, Unit 1PD",Long Island City,4590,2 BD,2 BA
"6049 Linden Street, Unit 2",Ridgewood,2500,2 BD,1 BA
6134 Linden Street,Ridgewood,2700,3 BD,2 BA
"43-07 31st Avenue, Unit 1F",Astoria,1900,Studio,1 BA
"11712 Ocean Promenade, Unit 3C",Rockaway Park,1625,1 BD,1 BA
"23-10 Queens Plaza South, Unit 24J",Long Island City,3383,1 BD,1 BA
97-11 Horace Harding Expressway,LeFrak City,2727,2 BD,1 BA
"137-20 45th Avenue, Unit 7V",Flushing,1890,1 BD,1 BA
"43-25 Hunter Street, Unit 1043E",Long Island City,2995,Studio,1 BA
"2-14 50th Avenue, Unit 805E",Hunters Point,5409,2 BD,2 BA
"23-10 Queens Plaza South, Unit 25G",Long Island City,2776,Studio,1 BA
"6015 Myrtle Avenue, Unit D",Ridgewood,3400,3 BD,2 BA
"1865 Madison Street, Unit 1R",Ridgewood,2000,2 BD,1 BA
"30-90 23rd Street, Unit 1R",Astoria,2150,1 BD,1 BA
"30-90 23rd Street, Unit 2R",Astoria,2250,2 BD,1 BA
"10-17 Jackson Avenue, Unit 7I",Hunters Point,5300,2 BD,2 BA
"104-60 Queens Boulevard, Unit 11A",Rego Park,2741,1 BD,1 BA
"104-60 Queens Boulevard, Unit 6E",Rego Park,3016,1 BD,1 BA
"104-40 Queens Boulevard, Unit 6A",Rego Park,2746,1 BD,1 BA
"104-20 Queens Boulevard, Unit 6B",Rego Park,4535,4 BD,2 BA
"144-30 35th Avenue, Unit A22",Murray Hill - Flushing,1750,1 BD,1 BA
43-25 Hunter Street,Long Island City,2989,Studio,1 BA
"25-19 43rd Avenue, Unit 202",Long Island City,3200,1 BD,1 BA
"72-47 Metropolitan Avenue, Unit 2F",Middle Village,1700,1 BD,1 BA
"26-38 21st Street, Unit 6F",Astoria,2750,1 BD,1 BA
"26-38 21st Street, Unit 13D",Astoria,2775,1 BD,1 BA
"26-38 21st Street, Unit 5A",Astoria,2300,Studio,1 BA
"39-42 58th Street, Unit 2",Woodside,2395,2 BD,1 BA
"43-10 Crescent Street, Unit 3012",Long Island City,3545,1 BD,1 BA
"31-23 47th Street, Unit 1E",Astoria,2050,1 BD,1 BA
"41-23 53rd Street, Unit 2",Woodside,2300,3 BD,1 BA
"11-51 47th Avenue, Unit 10D",Hunters Point,6000,3 BD,2 BA
"31-57 31st Street, Unit PHJ",Astoria,4499,2 BD,2 BA
"11-02 49th Avenue, Unit 8L",Hunters Point,2950,1 BD,1 BA
"19-42 77th Street, Unit 2",Astoria Heights,2395,2 BD,1 BA
"25-90 35th Street, Unit 3L",Astoria,2100,1 BD,1 BA
"48-21 5th Street, Unit 4M",Hunters Point,4975,2 BD,2 BA
"209-46 41st Avenue, Unit B",Bayside,2000,2 BD,1 BA
96-08 57th Avenue,South Corona,2393,1 BD,1 BA
"59 108th Street, Unit 6I",South Corona,2500,2 BD,1 BA
"45-15 Colden Street, Unit 7A",Queensboro Hill,1701,Studio,1 BA
"65-44 Saunders Street, Unit 509",Rego Park,2511,2 BD,1 BA
"65-44 Saunders Street, Unit 411",Rego Park,2214,1 BD,1 BA
"45-15 Colden Street, Unit 1B",Queensboro Hill,1890,1 BD,1 BA
"65-44 Saunders Street, Unit 210",Rego Park,2106,1 BD,1 BA
"105-40 62nd Road, Unit 5T",Forest Hills,2025,1 BD,1 BA
"98-05 67th Avenue, Unit 1L",Rego Park,2305,1 BD,2 BA
"48-50 38th Street, Unit 5B",Sunnyside,2229,1 BD,1 BA
"102-50 62nd Road, Unit 4K",Rego Park,1938,1 BD,1 BA
"48-50 37th Street, Unit 4D",Sunnyside,1836,Studio,1 BA
"48-50 37th Street, Unit 1S",Sunnyside,2106,1 BD,1 BA
"64-20 Saunders Street, Unit 312",Rego Park,2160,1 BD,1 BA
"64-20 Saunders Street, Unit 220",Rego Park,1782,Studio,1 BA
"98-01 67th Avenue, Unit 3D",Rego Park,2358,1 BD,1 BA
"98-01 67th Avenue, Unit 6D",Rego Park,2305,1 BD,1 BA
"98-01 67th Avenue, Unit 2O",Rego Park,1934,1 BD,1 BA
"82-74 Austin Street, Unit 72R",Richmond Hill Kew Gardens,1995,2 BD,1 BA
"122-20 Ocean Promenade, Unit 4C",Rockaway Park,2155,2 BD,1 BA
"7821 73rd Place, Unit 1",Glendale,1500,1 BD,1 BA
"64-26 65th Place, Unit 1",Middle Village,1800,2 BD,1 BA
"37-25 33rd Street, Unit 2E",Long Island City,2600,1 BD,1 BA
"28-10 Jackson Avenue, Unit 40B",Long Island City,3248,Studio,1 BA
"37-25 33rd Street, Unit 3F",Long Island City,3200,1 BD,1 BA
"50-46 45th Street, Unit 2",Sunnyside,2795,3 BD,1 BA
"37-25 33rd Street, Unit 2C",Long Island City,2500,1 BD,1 BA
"3094 Crescent Street, Unit 6D",Astoria,2450,1 BD,1 BA
"37-25 33rd Street, Unit PHA",Long Island City,3995,1 BD,1 BA
"11-02 49th Avenue, Unit 6B",Hunters Point,4400,2 BD,2 BA
"98-05 67th Avenue, Unit 10A",Rego Park,1881,Studio,1 BA
"50-22 40th Street, Unit 5E",Sunnyside,1795,1 BD,1 BA
"77-16 25th Avenue, Unit 2L",Jackson Heights,2700,3 BD,1 BA
"28-10 Jackson Avenue, Unit 23N",Long Island City,6496,3 BD,2 BA
"11-02 49th Avenue, Unit 2C",Hunters Point,4500,2 BD,2 BA
"28-10 Jackson Avenue, Unit 28K",Long Island City,3786,1 BD,1 BA
"25-40 Shore Boulevard, Unit 21N",Astoria,4500,2 BD,1 BA
"42-12 28th Street, Unit 38C",Long Island City,6580,3 BD,2 BA
"42-12 28th Street, Unit 48A",Long Island City,5010,2 BD,2 BA
"42-12 28th Street, Unit 31K",Long Island City,2940,Studio,1 BA
"42-12 28th Street, Unit 27I",Long Island City,4750,2 BD,2 BA
"44-28 Purves Street, Unit 29G",Long Island City,5353,2 BD,2 BA
"41-42 24th Street, Unit 413",Long Island City,2599,1 BD,1 BA
"67-14 108th Street, Unit 2D",Forest Hills,1450,Studio,1 BA
"37-40 27th Street, Unit 6E",Long Island City,3675,2 BD,1 BA
"153-50 89th Avenue, Unit 1112",Jamaica,2225,1 BD,1 BA
"122-23 161st Place, Unit 2",South Jamaica,1800,2 BD,1 BA
"99-31 64th Avenue, Unit B14",Rego Park,2650,2 BD,2 BA
"23-27 27th Street, Unit 1",Astoria,2500,3 BD,1 BA
"42-51 Hunter Street, Unit PHC",Long Island City,4308,2 BD,2 BA
41-43 39th,Sunnyside,2850,2 BD,1.5 BA
"18-05 27th Avenue, Unit 2A",Astoria,3100,2 BD,2 BA
"43-25 Hunter Street, Unit 939E",Long Island City,3614,1 BD,1 BA
"43-10 Crescent Street, Unit 707",Long Island City,2964,Studio,1 BA
"43-10 Crescent Street, Unit 1016",Long Island City,2981,Studio,1 BA
"98-05 67th Avenue, Unit 3F",Rego Park,2173,1 BD,1 BA
"88 144th Street, Unit D5",Jamaica,1800,1 BD,1 BA
"42-17 27th Street, Unit 24C",Long Island City,4400,2 BD,2 BA
"27-21 44th Drive, Unit 1205",Long Island City,2650,Studio,1 BA
"135-15 83rd Avenue, Unit 5N",Briarwood,1700,1 BD,1 BA
"25-04 44th Street, Unit 1",Astoria,2400,1 BD,1 BA
"34-18 91st Street, Unit D13",Jackson Heights,2124,1 BD,1 BA
"5-11 47th Avenue, Unit 12D",Hunters Point,3235,Studio,1 BA
"144-30 35th Avenue, Unit B42",Murray Hill - Flushing,1750,1 BD,1 BA
"43-22 Queens Street, Unit 649",Long Island City,3263,1 BD,1 BA
"4 48th Avenue, Unit 28J",Hunters Point,3050,1 BD,1 BA
"5-11 47th Avenue, Unit 12D",Hunters Point,3235,Studio,1 BA
"67-14 73rd Place, Unit 2",Middle Village,2399,3 BD,2 BA
"42-12 28th Street, Unit 43J",Long Island City,3420,1 BD,1 BA
"42-17 27th Street, Unit 20E",Long Island City,3550,1 BD,1 BA
"5278 74th Street, Unit 3",Maspeth,2600,3 BD,2 BA
"45-10 Pearson Street, Unit 2",Long Island City,2600,1 BD,1 BA
"44-27 Purves Street, Unit 8D",Long Island City,2950,1 BD,1.5 BA
"47-55 39th Place, Unit 4B",Sunnyside,2100,1 BD,1 BA
"115 Metropolitan Avenue, Unit 143",Kew Gardens,2250,1 BD,1 BA
"61-55 Junction Boulevard, Unit 12E",Rego Park,2410,Studio,1 BA
"2-14 50th Avenue, Unit 310E",Hunters Point,3368,1 BD,1 BA
"61-55 Junction Boulevard, Unit 12E",Rego Park,2410,Studio,1 BA
43-22 Queens Street,Long Island City,4120,1 BD,1 BA
"5963 56th Road, Unit 2L",Maspeth,1600,1 BD,1 BA
"1708 Woodbine Street, Unit 1R",Ridgewood,2063,2 BD,1 BA
"147-36 94th Avenue, Unit 21L",Jamaica,1729,Studio,1 BA
"10-55 47th Avenue, Unit 4G",Hunters Point,3500,1 BD,1.5 BA
"67-02 60th Street, Unit 3",Ridgewood,4300,5 BD,2 BA
"137 Negundo Avenue, Unit 2",Flushing,2600,3 BD,2 BA
30-49 Crescent Street,Astoria,2000,1 BD,1 BA
"32-58 48th Street, Unit 2",Astoria,2275,2 BD,1 BA
"25-35 Astoria Boulevard, Unit 2",Astoria,2200,2 BD,1 BA
"44-28 Purves Street, Unit 18F",Long Island City,4195,1 BD,1 BA
"37-14 32nd Street, Unit 503",Long Island City,2200,1 BD,1 BA
"112-01 Queens Boulevard, Unit 14F",Forest Hills,2695,1 BD,1.5 BA
"62-06 68th Avenue, Unit 2B",Ridgewood,1800,2 BD,1 BA
"45-50 Pearson Street, Unit 4N",Long Island City,3183,1 BD,1 BA
"45-50 Pearson Street, Unit 4K",Long Island City,3923,2 BD,1 BA
"45-50 Pearson Street, Unit 9A",Long Island City,4292,2 BD,2 BA
"47-05 Center Boulevard, Unit 1806",Hunters Point,3675,1 BD,1 BA
"45-50 Pearson Street, Unit 9F",Long Island City,2469,Studio,1 BA
43-25 Hunter Street,Long Island City,5090,2 BD,2 BA
"17-14 Linden Street, Unit 2L",Ridgewood,3600,4 BD,1 BA
"47-05 Center Boulevard, Unit 201",Hunters Point,3800,Studio,1 BA
"45-50 Pearson Street, Unit 8L",Long Island City,2354,Studio,1 BA
"4-74 48th Avenue, Unit 7J",Hunters Point,3900,2 BD,1 BA
"4-74 48th Avenue, Unit 7J",Hunters Point,3900,2 BD,1 BA
"153-50 89th Avenue, Unit 1105",Jamaica,2075,Studio,1 BA
"61-55 Junction Boulevard, Unit 23N",Rego Park,3923,2 BD,2 BA
"74-48 65th Street, Unit 1",Glendale,3100,3 BD,2 BA
"29-23 23rd Road, Unit 1",Astoria,2700,2 BD,1 BA
"23-10 Queens Plaza South, Unit 34E",Long Island City,3696,1 BD,1 BA
"43-10 Crescent Street, Unit 814",Long Island City,3563,1 BD,1 BA
"60-64 68th Avenue, Unit 2",Ridgewood,2595,1 BD,1 BA
"166-24 Gothic Drive, Unit 3",Jamaica Hillcrest,3200,4 BD,2 BA
"65-35 108th Street, Unit B11",Forest Hills,1895,1 BD,1 BA
22-22 Jackson Avenue,Hunters Point,6071,3 BD,2 BA
"901 Wyckoff Avenue, Unit 2W",Ridgewood,1700,1 BD,1 BA
"42-12 28th Street, Unit 17C",Long Island City,4525,2 BD,2 BA
"31-70 34th Street, Unit 4B",Astoria,2100,1 BD,1 BA
"147-36 94th Avenue, Unit 25A",Jamaica,1729,Studio,1 BA
"109-24 Rockaway Beach Boulevard, Unit 2",Seaside,2250,3 BD,2.5 BA
"62 Ellwell Crescent, Unit 1",Rego Park,2300,2 BD,1 BA
"64-05 Yellowstone Boulevard, Unit 414A",Forest Hills,2150,1 BD,1 BA
"60-15 Myrtle Avenue, Unit D",Ridgewood,3400,3 BD,2 BA
"36-20 Parsons Boulevard, Unit 4E",Downtown Flushing,1800,1 BD,1 BA
"47-05 Center Boulevard, Unit 802",Hunters Point,2850,Studio,1 BA
"30-90 23rd, Unit 2R",Astoria,2200,2 BD,1 BA
"31-06 38th Street, Unit 9",Astoria,2700,3 BD,1 BA
"98-05 67th Avenue, Unit 1C",Rego Park,2358,1 BD,1 BA
"41-30 49th Street, Unit 2F",Sunnyside,2450,2 BD,1 BA
"44-27 Purves Street, Unit 14A",Long Island City,4700,3 BD,2 BA
"63-12 Fresh Pond Road, Unit 2L",Ridgewood,2199,2 BD,2 BA
"13-33 Jackson Avenue, Unit 10D",Hunters Point,6500,3 BD,2 BA
"47-05 Center Boulevard, Unit 1902",Hunters Point,2900,Studio,1 BA
"47-05 Center Boulevard, Unit 2010",Hunters Point,3700,1 BD,1 BA
"43-10 Crescent Street, Unit 414",Long Island City,3579,1 BD,1 BA
"44-28 Purves Street, Unit 29E",Long Island City,3525,1 BD,1 BA
"44-28 Purves Street, Unit 31C",Long Island City,4075,1 BD,1 BA
"3043 48th Street, Unit 2F",Astoria,2000,1 BD,1 BA
"1940 77th Street, Unit 3",Astoria Heights,2795,3 BD,1 BA
"13315 122nd Place, Apt 2",South Ozone Park,1800,1 BD,1 BA
"45-02 Ditmars Boulevard, Unit 209",Astoria,2995,2 BD,2 BA
"37-21 31st Street, Unit 502",Long Island City,2200,1 BD,1 BA
"21 Grove Street, Unit 1",Ridgewood,2250,2 BD,1 BA
"21-05 33rd Street, Unit 5D",Steinway,2300,2 BD,1 BA
10-27 44th Drive,Long Island City,2600,2 BD,1 BA
"26-38 21st Street, Unit 13F",Astoria,3250,2 BD,1 BA
"1722 Greene Avenue, Unit 2L",Ridgewood,2800,3 BD,1.5 BA
"43-10 Crescent Street, Unit 7",Long Island City,4733,2 BD,2 BA
"45-40 Center Boulevard, Unit 1208",Hunters Point,3483,1 BD,1 BA
"45-40 Center Boulevard, Unit 1005",Hunters Point,3194,1 BD,1 BA
"18-05 27th Avenue, Unit PH",Astoria,4100,3 BD,2 BA
"26-38 21st Street, Unit 1D",Astoria,3350,2 BD,1 BA
"54-38 Arnold Avenue, Unit 2R",Maspeth,2600,3 BD,1 BA
"144-30 35th Avenue, Unit C4",Murray Hill - Flushing,1650,Studio,1 BA
"50-01 Metropolitan Avenue, Unit 201",Maspeth,2400,Studio,1 BA
119-20 Union Turnpike,Kew Gardens,3200,2 BD,1 BA
119-20 Union Turnpike,Kew Gardens,3500,3 BD,2 BA
"36-20 Parsons Boulevard, Unit 6C",Downtown Flushing,1850,1 BD,1 BA
"47-20 40th Street, Unit 1F",Sunnyside,1880,1 BD,1 BA
"10 Halletts Point, Unit 1540",Astoria,3776,2 BD,2 BA
"10-50 Jackson Avenue, Unit 8C",Hunters Point,4000,2 BD,1 BA
"13315 122nd Place, Unit 2",South Ozone Park,1800,1 BD,1 BA
147-36 94th Avenue,Jamaica,2170,1 BD,1 BA
147-36 94th Avenue,Jamaica,1729,Studio,1 BA
7322 69th Place,Glendale,2600,3 BD,1.5 BA
147-36 94th Avenue,Jamaica,2170,1 BD,1 BA
"31-23 42nd Street, Unit 1",Astoria,2850,3 BD,1 BA
"85 34th Avenue, Unit 420",Douglaston,1700,1 BD,1 BA
"4-74 48th Avenue, Unit 3K",Hunters Point,2200,Studio,1 BA
42-17 27th Street,Long Island City,4576,2 BD,2 BA
"41-15 29th Street, Unit 1207",Long Island City,2295,Studio,1 BA
"25-34 36th Street, Unit 4R",Astoria,2950,2 BD,1 BA
"40-16 23rd Road, Unit 1A",Long Island City,2500,2 BD,1 BA
"23-69 38th Street, Unit 2",Astoria,3250,3 BD,2 BA
"1863 Linden Street, Unit 1R",Ridgewood,2800,2 BD,1 BA
"1889 Troutman Street, Unit 6",Ridgewood,3600,4 BD,1.5 BA
"5-11 47th Avenue, Unit PHD",Hunters Point,3259,Studio,1 BA
"61-33 65th Street, Unit 1",Middle Village,2300,3 BD,2 BA
"1860 Cornelia Street, Unit 1",Ridgewood,2400,3 BD,1 BA
"47-20 40th Street, Unit 3E",Sunnyside,1855,1 BD,1 BA
"6080 56th Street, Unit 1R",Maspeth,2000,2 BD,1 BA
"49-01 43rd Avenue, Unit 2",Sunnyside,2500,2 BD,1 BA
"44-15 Purves Street, Unit 10A",Long Island City,4900,2 BD,2 BA
"122 Beach 59th Street, Unit 101",Arverne,2181,3 BD,1 BA
"41-42 College Pt Boulevard, Unit 5B",Flushing,2500,2 BD,2 BA
"134 Beach 59th Street, Unit 102",Arverne,2181,3 BD,1 BA
"132 Beach 59th Street, Unit 402",Arverne,2181,3 BD,1 BA
"107 Beach 59th Street, Unit 201",Arverne,2181,3 BD,1 BA
10-49 49th Avenue,Hunters Point,3250,2 BD,1 BA
"147-36 94th Avenue, Unit 18C",Jamaica,1729,Studio,1 BA
"147-36 94th Avenue, Unit 21D",Jamaica,1729,Studio,1 BA
"175-25 74th Avenue, Unit A",Hillcrest,3200,3 BD,2 BA
"175-25 74th Avenue, Unit B",Hillcrest,2500,2 BD,1 BA
82-73 165th Street,Hillcrest,3200,5 BD,2 BA
"4545 Center Boulevard, Unit 1502",Hunters Point,4760,2 BD,2 BA
"481 Fairview Avenue, Unit 2R",Ridgewood,1800,1 BD,1 BA
"2-14 50th Avenue, Unit 609E",Hunters Point,4586,2 BD,2 BA
"143-20 Hoover Avenue, Unit 303",Briarwood,2250,2 BD,1 BA
"82-45 164th Street, Unit 3",Hillcrest,2150,2 BD,1 BA
"39-60 54th Street, Unit 8P",Woodside,3100,2 BD,1 BA
"50-01 Metropolitan Avenue, Unit 2",Maspeth,3800,Studio,1 BA
119-20 Union Turnpike,Kew Gardens,3208,3 BD,2 BA
"47-05 Center Boulevard, Unit 3012",Hunters Point,4000,1 BD,1 BA
"47-05 Center Boulevard, Unit 2301",Hunters Point,5200,2 BD,2 BA
47-05 Center Boulevard,Hunters Point,2815,Studio,1 BA
"11041 62nd Drive, Unit 2",Forest Hills,2548,3 BD,1 BA
"6066 69th Avenue, Unit 1B",Ridgewood,1850,1 BD,1 BA
"11041 62nd Drive, Unit 1",Forest Hills,3348,5 BD,2 BA
"76-51 174th Street, Unit 1",Hillcrest,4200,5 BD,2 BA
"147-36 94th Avenue, Unit 23H",Jamaica,2611,2 BD,2 BA
"7116 65th Place, Unit 3L",Glendale,1850,2 BD,1 BA
"7821 73rd Place, Unit 2",Glendale,1600,1 BD,1 BA
"26-38 21st Street, Unit 9A",Astoria,2300,Studio,1 BA
"1860 Cornelia Street, Unit 3L",Ridgewood,2000,2 BD,1 BA
"2028 Bleecker Street, Unit 1",Ridgewood,2400,2 BD,1 BA
"68-19 Fresh Pond Road, Unit 3",Ridgewood,2000,2 BD,1 BA
"409 Onderdonk Avenue, Unit 3L",Ridgewood,1900,2 BD,1 BA
"101-20 67th Drive, Unit 3",Rego Park,3099,3 BD,2 BA
"101-20 67th Drive, Unit 3",Rego Park,3099,3 BD,2 BA
"2028 Bleecker Street, Unit 2L",Ridgewood,1900,2 BD,1 BA
"68-19 Fresh Pond Road, Unit 2",Ridgewood,2000,2 BD,1 BA
"25-27 23rd Street, Unit 3B",Astoria,3150,1 BD,1 BA
"65-65 Wetherole Street, Unit 1C",Rego Park,1500,Studio,1 BA
119-20 Union Turnpike,Kew Gardens,3483,4 BD,2 BA
"2-14 50th Avenue, Unit 1107W",Hunters Point,2723,Studio,1 BA
193-37 Salerno Avenue,Holliswood Jamaica,3250,3 BD,2.5 BA
"147-36 94th Avenue, Unit 19J",Jamaica,2170,1 BD,1 BA
"147-36 94th Avenue, Unit 19E",Jamaica,2170,1 BD,1 BA
76-14 Union Turnpike,Hillcrest,2700,3 BD,1 BA
"43-25 Hunter Street, Unit 2903W",Long Island City,2994,Studio,1 BA
"7820 Metropolitan Avenue, Unit 1",Middle Village,2399,3 BD,2 BA
"144-11 182nd Place, Unit 2",Rochdale,2700,3 BD,1.5 BA
"149-57 Ash Avenue, Unit 3",Flushing,2388,3 BD,1 BA
"156-21 79th, Unit 1",Lindenwood,1300,1 BD,1 BA
"71-12 52nd Avenue, Unit 2",Maspeth,2200,3 BD,1 BA
"43-10 Crescent Street, Unit 908",Long Island City,2595,Studio,1 BA
"43-10 Crescent Street, Unit 3803",Long Island City,3440,1 BD,1 BA
"43-10 Crescent Street, Unit 3203",Long Island City,3400,1 BD,1 BA
"43-10 Crescent Street, Unit 417",Long Island City,4695,2 BD,2 BA
"43-10 Crescent Street, Unit 510",Long Island City,4500,2 BD,1 BA
43-10 Crescent Street,Long Island City,3595,1 BD,1 BA
"43-10 Crescent Street, Unit 3004",Long Island City,4660,2 BD,2 BA
"4705 Center Boulevard, Unit 2311",Hunters Point,3600,1 BD,1 BA
"43-10 Crescent Street, Unit 619",Long Island City,2550,Studio,1 BA
"43-10 Crescent Street, Unit 3601",Long Island City,6300,3 BD,2 BA
"16430 85th Street, Unit 2",Howard Beach,2400,3 BD,2 BA
"31-57 31st Street, Unit 4022",Astoria,2399,Studio,1 BA
"42-15 Crescent Street, Unit 5K",Long Island City,3200,1 BD,1 BA
"26-38 21st Street, Unit 11E",Astoria,2800,1 BD,1 BA
"26-38 21st Street, Unit 11D",Astoria,3100,1 BD,1 BA
"26-38 21st Street, Unit 3D",Astoria,2550,1 BD,1 BA
"43-23 165th Street, Unit 2G",Flushing,1600,1 BD,1 BA
"27-21 44th Drive, Unit 2003",Long Island City,2999,1 BD,1 BA
"23-15 30th Avenue, Unit A08",Astoria,3000,3 BD,2 BA
"59-28 Menahan Street, Unit 1",Ridgewood,2200,2 BD,1 BA
"209-01 42nd Avenue, Unit 2",Bayside,1650,1 BD,1 BA
"62-60 99th Street, Unit 1214",Rego Park,3189,2 BD,2 BA
4-75 48th Avenue,Hunters Point,3830,1 BD,1 BA
4-75 48th Avenue,Hunters Point,3831,1 BD,1 BA
4-75 48th Avenue,Hunters Point,3790,1 BD,1 BA
"4-75 48th Avenue, Unit 14M",Hunters Point,3539,1 BD,1 BA
"4-75 48th Avenue, Unit 19B",Hunters Point,6437,3 BD,2 BA
"4-75 48th Avenue, Unit 11G",Hunters Point,5524,2 BD,2 BA
"4-75 48th Avenue, Unit 11H",Hunters Point,5310,2 BD,2 BA
4-75 48th Avenue,Hunters Point,3905,1 BD,1 BA
"4-75 48th Avenue, Unit 17K",Hunters Point,3524,1 BD,1 BA
"4-75 48th Avenue, Unit 11L",Hunters Point,3742,1 BD,1 BA
"5-03 50th Avenue, Unit 5B",Hunters Point,6500,2 BD,2 BA
"245-10 Grand Central Parkway, Unit 3K",Glen Oaks,2082,1 BD,1 BA
119-20 Union Turnpike,Kew Gardens,3500,3 BD,2 BA
"62-59 108th Street, Unit 2N",Forest Hills,2200,2 BD,1 BA
"41-17 Crescent Street, Unit 4F",Long Island City,3941,2 BD,2 BA
"150 Greenway Terrace, Unit 57W",Forest Hills,3395,2 BD,1 BA
"150 Greenway Terrace, Unit 63E",Forest Hills,1838,2 BD,2 BA
"150 Greenway Terrace, Unit 62E",Forest Hills,4995,3 BD,3 BA
"31-72 31st Street, Unit 5A",Astoria,2150,1 BD,1 BA
4-75 48th Avenue,Hunters Point,3901,1 BD,1 BA
"4-75 48th Avenue, Unit 27M",Hunters Point,3543,1 BD,1 BA
"4-75 48th Avenue, Unit 23K",Hunters Point,3488,1 BD,1 BA
"37-25 33rd Street, Unit 6E",Long Island City,2800,1 BD,1 BA
"37-25 33rd Street, Unit 4D",Long Island City,2600,1 BD,1 BA
"37-25 33rd Street, Unit 4B",Long Island City,2675,1 BD,1 BA
"37-25 33rd Street, Unit 2D",Long Island City,2500,1 BD,1 BA
"37-25 33rd Street, Unit 4E",Long Island City,2700,1 BD,1 BA
"37-25 33rd Street, Unit 6C",Long Island City,2700,1 BD,1 BA
"37-25 33rd Street, Unit 3D",Long Island City,2550,1 BD,1 BA
"37-25 33rd Street, Unit 3B",Long Island City,2625,1 BD,1 BA
"37-25 33rd Street, Unit 3E",Long Island City,2650,1 BD,1 BA
"37-25 33rd Street, Unit 3C",Long Island City,2550,1 BD,1 BA
"48-27 41st Street, Unit 2",Sunnyside,1950,2 BD,1 BA
"203-10 43rd Avenue, Unit 3C",Auburndale,1740,Studio,1 BA
"4-75 48th Avenue, Unit 1217",Hunters Point,3074,Studio,1 BA
4-75 48th Avenue,Hunters Point,3630,1 BD,1 BA
"11-36 31st Avenue, Unit 2",Astoria,4200,3 BD,2 BA
"4-75 48th Avenue, Unit 25H",Hunters Point,5595,2 BD,2 BA
4-75 48th Avenue,Hunters Point,4303,1 BD,1 BA
"4-75 48th Avenue, Unit 1309",Hunters Point,4115,1 BD,1 BA
"4-75 48th Avenue, Unit 1907",Hunters Point,3845,1 BD,1 BA
4-75 48th Avenue,Hunters Point,3676,1 BD,1 BA
4-75 48th Avenue,Hunters Point,3255,1 BD,1 BA
4-75 48th Avenue,Hunters Point,2875,Studio,1 BA
"4-75 48th Avenue, Unit 1215",Hunters Point,2760,Studio,1 BA
"3030 43rd Street, Unit 8A",Astoria,5675,2 BD,2 BA
"3030 43rd Street, Unit 5B",Astoria,7225,3 BD,2.5 BA
"97-10 Rockaway Beach Boulevard, Unit 2F",Seaside,1650,1 BD,1 BA
"65-61 Saunders Street, Unit 7P",Rego Park,1950,1 BD,1 BA
"65-61 Saunders Street, Unit 4E",Rego Park,1452,Studio,1 BA
"204-06 43rd Avenue, Unit 61B",Auburndale,2395,2 BD,1 BA
4-75 48th Avenue,Hunters Point,3690,1 BD,1 BA
"4-75 48th Avenue, Unit 16D",Hunters Point,2746,Studio,1 BA
4-75 48th Avenue,Hunters Point,2785,Studio,1 BA
"4-75 48th Avenue, Unit 1706",Hunters Point,3738,1 BD,1 BA
4-75 48th Avenue,Hunters Point,3738,1 BD,1 BA
4-75 48th Avenue,Hunters Point,3630,1 BD,1 BA
"48-16 47th Street, Unit 3H",Sunnyside,2200,2 BD,1 BA
"31-64 21st Street, Unit 4B",Astoria,2350,2 BD,1 BA
"4-75 48th Avenue, Unit 17B",Hunters Point,6437,3 BD,2 BA
"4-75 48th Avenue, Unit 27B",Hunters Point,6513,3 BD,2 BA
4-75 48th Avenue,Hunters Point,3415,1 BD,1 BA
4-75 48th Avenue,Hunters Point,2870,Studio,1 BA
"29-22 Northern Boulevard, Unit 708",Long Island City,3495,2 BD,1 BA
"29-22 Northern Boulevard, Unit 707",Long Island City,3555,2 BD,1 BA
"29-22 Northern Boulevard, Unit 611",Long Island City,5300,3 BD,2 BA
"29-22 Northern Boulevard, Unit 602",Long Island City,5150,3 BD,2 BA
"4-75 48th Avenue, Unit 1402",Hunters Point,4895,2 BD,2 BA
4-75 48th Avenue,Hunters Point,4003,1 BD,1 BA
"4-75 48th Avenue, Unit 10B",Hunters Point,6394,3 BD,3 BA
4-75 48th Avenue,Hunters Point,3595,1 BD,1 BA
4-75 48th Avenue,Hunters Point,3675,1 BD,1 BA
"203-06 43rd Avenue, Unit 3C",Auburndale,1995,1 BD,1 BA
"31-79 35th Street, Unit 19",Astoria,1995,1 BD,1 BA
"31-64 21st Street, Unit 1E",Astoria,1625,Studio,1 BA
"65-61 Saunders Street, Unit 6I",Rego Park,2500,2 BD,2 BA
4-75 48th Avenue,Hunters Point,3705,1 BD,1 BA
4-75 48th Avenue,Hunters Point,3835,1 BD,1 BA
"23-83 38th Street, Unit 2F",Astoria,2200,2 BD,1 BA
"47-45 Vernon Boulevard, Unit 2E",Hunters Point,2925,2 BD,1 BA
"4-75 48th Avenue, Unit 23B",Hunters Point,6313,3 BD,2 BA
4-75 48th Avenue,Hunters Point,3865,1 BD,1 BA
4-75 48th Avenue,Hunters Point,3595,1 BD,1 BA
"205-10 42nd Avenue, Unit 1B",Auburndale,2195,2 BD,1 BA
"4-75 48th Avenue, Unit 1902",Hunters Point,4895,2 BD,2 BA
4-75 48th Avenue,Hunters Point,3675,1 BD,1 BA
"37-55 77th Street, Unit 3E",Jackson Heights,2722,2 BD,1 BA
"82-72 Austin Street, Unit 72R",Richmond Hill Kew Gardens,2176,2 BD,1 BA
"204-06 43rd Avenue, Unit 62A",Auburndale,2722,3 BD,1 BA
"77 Austin Street, Unit 3L",Forest Hills,2050,1 BD,1 BA
"166-24 Gothic Drive, Unit 2",Jamaica Hillcrest,2850,3 BD,1 BA
"4-75 48th Avenue, Unit 12M",Hunters Point,3417,1 BD,1 BA
"4-75 48th Avenue, Unit 7F",Hunters Point,3154,1 BD,1 BA
4-75 48th Avenue,Hunters Point,3280,1 BD,1 BA
"31-64 21st Street, Unit 12C",Astoria,2350,2 BD,1 BA
"4-75 48th Avenue, Unit 18G",Hunters Point,5430,2 BD,2 BA
4-75 48th Avenue,Hunters Point,5075,2 BD,2 BA
"4-75 48th Avenue, Unit 1206",Hunters Point,3738,1 BD,1 BA
4-75 48th Avenue,Hunters Point,3575,1 BD,1 BA
"4-75 48th Avenue, Unit 7M",Hunters Point,3397,1 BD,1 BA
"4-75 48th Avenue, Unit 5B",Hunters Point,6502,3 BD,3 BA
"4-75 48th Avenue, Unit 8B",Hunters Point,6502,3 BD,3 BA
"4-75 48th Avenue, Unit 28C",Hunters Point,5060,2 BD,2 BA
"4-75 48th Avenue, Unit 1606",Hunters Point,3698,1 BD,1 BA
4-75 48th Avenue,Hunters Point,5131,2 BD,2 BA
"4-75 48th Avenue, Unit 6E",Hunters Point,3184,1 BD,1 BA
"4-75 48th Avenue, Unit 3Q",Hunters Point,3034,Studio,1 BA
4-75 48th Avenue,Hunters Point,2925,Studio,1 BA
4-75 48th Avenue,Hunters Point,3795,1 BD,1 BA
"4-75 48th Avenue, Unit 3M",Hunters Point,3174,Studio,1 BA
"4-75 48th Avenue, Unit 8A",Hunters Point,5491,2 BD,2 BA
"4-75 48th Avenue, Unit 16C",Hunters Point,4851,2 BD,2 BA
4-75 48th Avenue,Hunters Point,4151,1 BD,1 BA
"30-36 14th Street, Unit 3R",Astoria,2100,2 BD,1 BA
4-75 48th Avenue,Hunters Point,3736,1 BD,1 BA
"4-75 48th Avenue, Unit 1403",Hunters Point,3550,1 BD,1 BA
4-75 48th Avenue,Hunters Point,3715,1 BD,1 BA
4-75 48th Avenue,Hunters Point,3561,1 BD,1 BA
"42-20 24th Street, Unit 24F",Long Island City,2837,Studio,1 BA
"80-09 35th Avenue, Unit A7",Jackson Heights,3000,3 BD,1 BA
"4-75 48th Avenue, Unit 7H",Hunters Point,5175,2 BD,2 BA
"42-20 24th Street, Unit 22K",Long Island City,3355,1 BD,1 BA
"42-20 24th Street, Unit 10G",Long Island City,2760,Studio,1 BA
"4-75 48th Avenue, Unit 11B",Hunters Point,6209,3 BD,3 BA
"4-75 48th Avenue, Unit 11K",Hunters Point,3557,1 BD,1 BA
4-75 48th Avenue,Hunters Point,3846,1 BD,1 BA
"4-75 48th Avenue, Unit 1906",Hunters Point,3673,1 BD,1 BA
"4-75 48th Avenue, Unit 15L",Hunters Point,3804,1 BD,1 BA
"25-81 34th Street, Unit 3H",Astoria,2400,2 BD,1 BA
"25-81 34th Street, Unit 5C",Astoria,1900,1 BD,1 BA
"42-15 34th Avenue, Unit 4H",Astoria,2300,2 BD,1 BA
"4-75 48th Avenue, Unit 21G",Hunters Point,5781,2 BD,2 BA
"4-75 48th Avenue, Unit 22F",Hunters Point,3150,1 BD,1 BA
"4-75 48th Avenue, Unit 1621",Hunters Point,3400,1 BD,1 BA
"4-75 48th Avenue, Unit 12B",Hunters Point,6394,3 BD,3 BA
"4-75 48th Avenue, Unit 2N",Hunters Point,3204,Studio,1 BA
"41-13 31st Avenue, Unit 2",Astoria,2750,3 BD,1 BA
"4-75 48th Avenue, Unit 1803",Hunters Point,3940,1 BD,1 BA
"79-56 Metropolitan Avenue, Unit OFC",Middle Village,2195,Studio,1 BA
"41-15 29th Street, Unit 807",Long Island City,2350,Studio,1 BA
4-75 48th Avenue,Hunters Point,5240,2 BD,2 BA
"4-75 48th Avenue, Unit 15H",Hunters Point,5510,2 BD,2 BA
4-75 48th Avenue,Hunters Point,4075,1 BD,1 BA
"4-75 48th Avenue, Unit 1515",Hunters Point,2835,Studio,1 BA
"6815 76th Street, Unit 1",Middle Village,1800,2 BD,1 BA
"4-74 48th Avenue, Unit 20J",Hunters Point,3600,1 BD,1 BA
"4-75 48th Avenue, Unit 27G",Hunters Point,5781,2 BD,2 BA
"4-75 48th Avenue, Unit 28M",Hunters Point,3538,1 BD,1 BA
"4-75 48th Avenue, Unit 14F",Hunters Point,3245,1 BD,1 BA
4-75 48th Avenue,Hunters Point,5101,2 BD,2 BA
4-75 48th Avenue,Hunters Point,5101,2 BD,2 BA
"4-75 48th Avenue, Unit 1303",Hunters Point,3850,1 BD,1 BA
"4-75 48th Avenue, Unit 1708",Hunters Point,4025,1 BD,1 BA
"50-01 Metropolitan Avenue, Unit 306",Maspeth,2150,Studio,1 BA
119-20 Union Turnpike,Kew Gardens,3208,3 BD,2 BA
"65-61 Saunders Street, Unit 4F",Rego Park,2600,2 BD,2 BA
"4705 Center Boulevard, Unit 1801",Hunters Point,4569,2 BD,2 BA
"4705 Center Boulevard, Unit 507",Hunters Point,4154,1 BD,2 BA
"4705 Center Boulevard, Unit 1214",Hunters Point,4431,2 BD,2 BA
"4705 Center Boulevard, Unit 1507",Hunters Point,3500,1 BD,1 BA
"4705 Center Boulevard, Unit 2210",Hunters Point,3450,1 BD,1 BA
"4705 Center Boulevard, Unit 301",Hunters Point,4000,Studio,1 BA
"4705 Center Boulevard, Unit 2906",Hunters Point,3500,1 BD,1 BA
"4705 Center Boulevard, Unit 3014",Hunters Point,5500,2 BD,2 BA
"4705 Center Boulevard, Unit 412",Hunters Point,3150,1 BD,1 BA
"37-02 31st Avenue, Unit 1R",Astoria,2100,1 BD,1 BA
"23-15 Astoria Boulevard, Unit 3A",Astoria,2650,1 BD,1 BA
"21-16 30th Avenue, Unit 3",Astoria,2950,3 BD,1.5 BA
"30-74 32nd Street, Unit 23",Astoria,1700,1 BD,1 BA
"30-94 Crescent Street, Unit 2E",Astoria,2550,1 BD,1 BA
"18-81 Troutman Street, Unit 1",Ridgewood,2600,3 BD,1 BA
"22-39 35th Street, Unit 2",Astoria,2875,3 BD,1 BA
"24-56 38th Street, Unit 1",Astoria,3500,2 BD,2 BA
"18-81 Troutman Street, Unit 3F",Ridgewood,3100,4 BD,2 BA
"178-02 Hillside Avenue, Unit 313",Jamaica Estates,2500,1 BD,1 BA
"178-02 Hillside Avenue, Unit 320",Jamaica Estates,3925,2 BD,2 BA
"23-23 31st Avenue, Unit 2A",Astoria,2125,Studio,1 BA
"40-28 College Point Boulevard, Unit 915",Flushing,2700,1 BD,1 BA
"10-41 47th Road, Unit 2",Hunters Point,4200,2 BD,1 BA
"40-26 College Point Boulevard, Unit 10A",Flushing,2300,1 BD,1 BA
"56-62 Remsen Place, Unit 3",Maspeth,1850,2 BD,1 BA
"19-46 75th Street, Unit 1",Astoria Heights,2800,2 BD,1 BA
"37-31 73rd Street, Unit 3P",Jackson Heights,2295,1 BD,1 BA
"10-41 47th Road, Unit 1",Hunters Point,4200,2 BD,1 BA
"60-31 60th Place, Unit 1C",Maspeth,2000,Studio,1 BA
"22-17 36th Street, Unit 2",Astoria,2150,2 BD,1 BA
"23-20 32nd Street, Unit BS",Astoria,2050,2 BD,1 BA
"12-07 Jackson Avenue, Unit 4R",Hunters Point,3400,3 BD,1 BA
"80-20 Broadway, Unit 4K",Elmhurst,1800,1 BD,1 BA
"83-30 118th Street, Unit 4Z",Kew Gardens,1750,Studio,1 BA
"4-75 48th Avenue, Unit 423",Hunters Point,3475,1 BD,1 BA
"83-30 118th Street, Unit 3J",Kew Gardens,2400,1 BD,1 BA
"40-07 73rd Street, Unit 4A",Elmhurst,2566,2 BD,2 BA
20-45 49th Street,Steinway,6900,3 BD,3.5 BA
"111-32 76th Avenue, Unit 2F",Forest Hills,2100,1 BD,1 BA
"60-42 56th Street, Unit 1A",Maspeth,2000,2 BD,1 BA
"83-30 118th Street, Unit 3R",Kew Gardens,2600,2 BD,1 BA
"1819 Summerfield Street, Unit D4",Ridgewood,1550,1 BD,1 BA
"178-02 Hillside Avenue, Unit 519",Jamaica Estates,1875,Studio,1 BA
"1707 Gates Avenue, Unit 1R",Ridgewood,2250,2 BD,1 BA
"83-30 Kew Gardens Road, Unit 3G",Kew Gardens,3250,2 BD,2 BA
"83-30 Kew Gardens Road, Unit 3B",Kew Gardens,3250,2 BD,2 BA
"64-09 102nd Street, Unit 3",Rego Park,2200,2 BD,1 BA
"71-13 60th Lane, Unit 201",Ridgewood,2550,2 BD,1 BA
"85-60 116th Street, Unit 2",Richmond Hill,2400,3 BD,1 BA
"20-20 23rd Street, Unit 2",Ditmars,2550,2 BD,1 BA
"45-42 Vernon Boulevard, Unit 2L",Hunters Point,2150,1 BD,1 BA
"42-60 Crescent Street, Unit 5D",Long Island City,4500,2 BD,2 BA
"31-37 14th Street, Unit 2",Astoria,2450,3 BD,1 BA
"37-02 21st Avenue, Unit 2A",Steinway,2399,3 BD,1 BA
"48-53 45th Street, Unit B6",Sunnyside,2200,2 BD,1 BA
37-33 College Point Boulevard,Downtown Flushing,2100,1 BD,1 BA
"10-50 Jackson Avenue, Unit 3E",Hunters Point,2700,1 BD,1 BA
"53-23 Skillman Avenue, Unit 3R",Woodside,2600,2 BD,1 BA
"21-77 33rd Street, Unit 2D",Steinway,2375,2 BD,1 BA
"61-18 55th Street, Unit 1R",Maspeth,2550,2 BD,1.5 BA
"77-15 79th Place, Unit 1",Glendale,2225,2 BD,1 BA
"21-38 33rd Street, Unit 2R",Steinway,2650,2 BD,1 BA
"41-15 29th Street, Unit 510",Long Island City,2400,Studio,1 BA
"61-11 79th Street, Unit 1",Middle Village,3300,3 BD,2.5 BA
"73-11 67th Drive, Unit 1",Middle Village,3500,4 BD,2 BA
"10-37 51st Avenue, Unit 2",Hunters Point,2500,1 BD,1 BA
"155-01 90th Avenue, Unit 4M",Jamaica,1575,Studio,1 BA
"62-08 77th Place, Unit 2",Middle Village,2100,1 BD,2 BA
"32-42 55th Street, Unit 3R",North Woodside,2350,2 BD,1 BA
"27-37 27th Street, Unit 1I",Astoria,2800,2 BD,1 BA
"22-18 Jackson Avenue, Unit 202",Long Island City,3125,1 BD,1 BA
"19-41 76th Street, Unit 2",Astoria Heights,2800,3 BD,2 BA
"34-09 75th Street, Unit 2",Jackson Heights,2000,2 BD,1 BA
"115-25 Metropolitan Avenue, Unit 143",Kew Gardens,2250,1 BD,1 BA
"90-02 Queens Boulevard, Unit 301",Elmhurst,3100,3 BD,1 BA
"70-38 66th Street, Unit 2L",Glendale,1973,2 BD,1 BA
"111-32 76th Avenue, Unit 4L",Forest Hills,1975,1 BD,1 BA
"178-02 Hillside Avenue, Unit 406",Jamaica Estates,2250,1 BD,1 BA
"178-02 Hillside Avenue, Unit 419",Jamaica Estates,1825,Studio,1 BA
"178-02 Hillside Avenue, Unit 409",Jamaica Estates,3675,2 BD,2 BA
"53-23 Skillman Avenue, Unit 1L",Woodside,2450,2 BD,1 BA
"77-34 Austin Street, Unit 3L",Forest Hills,2000,1 BD,1 BA
"60-49 Linden Street, Unit 2",Ridgewood,2500,2 BD,1 BA
"117-12 Ocean Promenade, Unit 3C",Rockaway Park,1625,1 BD,1 BA
"43-07 31st Avenue, Unit 1",Astoria,1900,Studio,1 BA
"84-31 Corona Avenue, Unit 3",Elmhurst,2600,3 BD,1 BA
"34-07 34th Avenue, Unit 1F",Astoria,2000,2 BD,1 BA
"26-42 28th Street, Unit 2F",Long Island City,2999,2 BD,2 BA
"92-11 Desota Road, Unit 2A",Queens,2095,3 BD,1 BA
"108-24 71st Avenue, Unit 1D",Forest Hills,1600,Studio,1 BA
"59-30 108th Street, Unit 6I",South Corona,2500,2 BD,1 BA
"30-94 Crescent Street, Unit 6D",Astoria,2450,1 BD,1 BA
"78-21 73rd Place, Unit 1",Glendale,1500,1 BD,1 BA
"116-24 Grosvenor Lane, Unit 6E",Kew Gardens,2100,1 BD,1 BA
"45-56 42nd Street, Unit 2F",Sunnyside,2125,1 BD,1 BA
"45-55 41st Street, Unit 4B",Sunnyside,1795,1 BD,1 BA
"41-43 39th Place, Unit 3D",Sunnyside,2850,2 BD,1.5 BA
"41-43 39th Place, Unit 3D",Sunnyside,2850,2 BD,1.5 BA
"41-41 43rd Street, Unit 6H",Sunnyside,2200,1 BD,1 BA
"41-41 43rd Street, Unit 2H",Sunnyside,1850,Studio,1 BA
"88-40 144th Street, Unit D5",Jamaica,1800,1 BD,1 BA
"69-04 Ditmars Boulevard, Unit 1",Astoria Heights,1695,Studio,1 BA
"29-22 Northern Boulevard, Unit D4",Long Island City,4885,2 BD,2 BA
"4-74 48th Avenue, Unit 28J",Hunters Point,3050,1 BD,1 BA
"59-63 56th Avenue, Unit 2L",Maspeth,1600,1 BD,1 BA
"31-29 30th Street, Unit 1A",Astoria,1850,1 BD,1 BA
"41-15 29th Street, Unit 405",Long Island City,2275,Studio,1 BA
"45-36 49th Street, Unit 5D",Sunnyside,1700,1 BD,1 BA
"45-36 49th Street, Unit 5D",Sunnyside,1700,1 BD,1 BA
"45-36 49th Street, Unit 5E",Sunnyside,1700,1 BD,1 BA
"71-13 60th Lane, Unit 406",Ridgewood,2950,3 BD,2 BA
"45-36 49th Street, Unit 5D",Sunnyside,1700,1 BD,1 BA
"27-37 27th Street, Unit 3C",Astoria,2250,1 BD,1 BA
"112-01 Queens Boulevard, Unit 14F",Forest Hills,2795,1 BD,1.5 BA
"2115 Grove Street, Unit 1",Ridgewood,2250,2 BD,1 BA
"30-35 69th Street, Unit 1",Jackson Heights,1960,1 BD,1 BA
"63-84 Saunders Street, Unit 3D",Rego Park,2000,1 BD,1 BA
"30-48 69th Street, Unit 1",Jackson Heights,2000,1 BD,1 BA
"31-44 Steinway Street, Unit 3R",Astoria,2300,2 BD,1 BA
"18-14 Linden Street, Unit 1L",Ridgewood,2795,2 BD,2 BA
"31-44 Steinway Street, Unit 3R",Astoria,2300,2 BD,1 BA
"2-17 51st Avenue, Unit 1105",Hunters Point,9500,3 BD,3 BA
"62-15 Ellwell Crescent, Unit 1",Rego Park,2425,2 BD,1 BA
"183-11 Hillside Avenue, Unit 2G",Jamaica Estates,1450,Studio,1 BA
"25-39 42nd Street, Unit 1",Astoria,2895,2 BD,1 BA
"36-06 30th Street, Unit D9",Long Island City,2750,2 BD,1 BA
"36-06 30th Street, Unit D2",Long Island City,2000,1 BD,1 BA
37-33 College Point Boulevard,Downtown Flushing,1916,1 BD,1 BA
37-33 College Point Boulevard,Downtown Flushing,2700,3 BD,1 BA
"30-63 29th Street, Unit 2",Astoria,3500,4 BD,2 BA
"17-13 Madison Street, Unit 11R",Ridgewood,2670,3 BD,1 BA
"31-09 28th Avenue, Unit 4C",Astoria,2600,1 BD,1 BA
"82-06 34th Avenue, Unit 6F",Jackson Heights,1850,1 BD,1 BA
"94-09 66th Avenue, Unit 3",Rego Park,3100,3 BD,1.5 BA
"41-15 29th Street, Unit 903",Long Island City,2750,2 BD,1 BA
"21-16 45th Avenue, Unit 2",Hunters Point,7000,3 BD,2 BA
"31-09 28th Avenue, Unit 3D",Astoria,2700,1 BD,1 BA
"61-41 Gates Avenue, Unit 1",Ridgewood,2150,2 BD,1 BA
"50-43 102nd Street, Unit 2",South Corona,2100,2 BD,1 BA
"19-40 77th Street, Unit 3",Astoria,2795,3 BD,1 BA
"31-09 28th Avenue, Unit 6A",Astoria,2800,1 BD,1 BA
"31-09 28th Avenue, Unit PH",Astoria,4600,2 BD,2 BA
"137-17 Negundo Avenue, Unit 2",Flushing,2700,3 BD,2 BA
"31-09 28th Avenue, Unit 5A",Astoria,2700,1 BD,1 BA
"31-09 28th Avenue, Unit 4A",Astoria,2600,1 BD,1 BA
"31-09 28th Avenue, Unit 6B",Astoria,3100,1 BD,1 BA
"50-35 41st Street, Unit 1",Sunnyside,1600,1 BD,1 BA
73-19 174th Street,Hillcrest,4385,5 BD,4 BA
"132-48 41st Road, Unit 5B",Flushing,2250,1 BD,1 BA
"65-24 78th Avenue, Unit 1",Glendale,2300,3 BD,1 BA
37-33 College Point Boulevard,Downtown Flushing,2750,3 BD,1 BA
"68-15 76th Street, Unit 1",Middle Village,1800,2 BD,1 BA
73-22 69th Place,Glendale,2600,3 BD,1.5 BA
"44-27 Purves Street, Unit 29G",Long Island City,4500,2 BD,2 BA
"61-18 55th Street, Unit 2R",Maspeth,1900,2 BD,1 BA
"41-15 45th Street, Unit 6H",Sunnyside,2200,1 BD,1 BA
"136-75 37th Avenue, Unit 7",Downtown Flushing,2250,2 BD,1 BA
"85-10 34th Avenue, Unit 420",Jackson Heights,1700,1 BD,1 BA
"40-13 30th Avenue, Unit 3E",Astoria,1875,1 BD,1 BA
"40-16 23rd Road, Unit 1A",Long Island City,2500,2 BD,1 BA
"60-80 56th Street, Unit 1R",Maspeth,2000,2 BD,1.5 BA
"60-80 56th Street, Unit 1L",Maspeth,2100,3 BD,1.5 BA
"42-20 24th Street, Unit 26H",Long Island City,3960,1 BD,1 BA
"42-20 24th Street, Unit 38K",Long Island City,3850,1 BD,1 BA
"68-27 Exeter Street, Unit 1",Forest Hills,3200,3 BD,1.5 BA
"47-09 5th Street, Unit 501",Hunters Point,3695,2 BD,2 BA
"43-10 48th Avenue, Unit 4C",Sunnyside,2000,1 BD,1 BA
"753 Onderdonk Avenue, Unit 2L",Ridgewood,2100,2 BD,1 BA
"41-42 College Point Boulevard, Unit 5B",Flushing,2500,2 BD,2 BA
"138-35 39th Avenue, Unit 5H",Downtown Flushing,3300,2 BD,2 BA
"17-13 Madison Street, Unit 1R",Ridgewood,3000,3 BD,2 BA
"45-45 Center Boulevard, Unit 303",Hunters Point,2695,Studio,1 BA
82-73 165th Street,Hillcrest,3200,5 BD,2 BA
"30-44 29th Street, Unit 5P",Astoria,2095,1 BD,1 BA
"45-45 Center Boulevard, Unit 1502",Hunters Point,4760,2 BD,2 BA
"66-11 Alderton Street, Unit 2",Rego Park,2500,2 BD,2 BA
"27-37 27th Street, Unit 1F",Astoria,3200,3 BD,1.5 BA
"11-24 31st Avenue, Unit 16A",Astoria,3500,2 BD,1.5 BA
"1719 Woodbine Street, Unit 3L",Ridgewood,2650,3 BD,2 BA
"60-66 69th Avenue, Unit 1B",Ridgewood,1850,1 BD,1 BA
"98-50 63rd Drive, Unit 1E",Rego Park,1675,1 BD,1 BA
"71-16 65th Place, Unit 3L",Glendale,1850,2 BD,1 BA
"78-21 73rd Place, Unit 2",Glendale,1600,1 BD,1 BA
"11-39 49th Avenue, Unit 702",Hunters Point,3042,1 BD,1 BA
"72-13 72nd Street, Unit 2",Glendale,1800,2 BD,1 BA
"18-15 25th Road, Unit 3",Astoria,3300,3 BD,2 BA
"30-26 31st Street, Unit 1R",Astoria,2150,2 BD,1 BA
"109-20 Queens Boulevard, Unit 5",Forest Hills,2300,1 BD,1 BA
"34-06 32nd Street, Unit 1C",New Astoria,1950,1 BD,1 BA
"61-45 98th Street, Unit 15L",Rego Park,1850,1 BD,1 BA
"78-20 Metropolitan Avenue, Unit 1",Middle Village,2399,3 BD,2 BA
"61-18 55th Street, Unit 1L",Maspeth,2000,2 BD,1 BA
"200-23 46th Avenue, Unit 2",Bayside Manor,2500,3 BD,2 BA
"40-28 College Point Boulevard, Unit 806",Flushing,3100,2 BD,2 BA
105-10 62nd Drive,Forest Hills,1700,1 BD,2.5 BA
"105-25 64th Avenue, Unit 3G",Forest Hills,1600,Studio,1 BA
"164-30 85th Street, Unit 2",Howard Beach,2400,3 BD,2 BA
"147-12 78th Road, Unit 2A",Kew Gardens Hills,1900,1 BD,1 BA
"34-32 91st Street, Unit E53",Jackson Heights,1675,1 BD,1 BA
"40-29 23rd Street, Unit 4",Long Island City,2400,2 BD,1 BA
"31-27 30th Street, Unit 1B",Astoria,1600,Studio,1 BA
"90-02 Queens Boulevard, Unit 401",Elmhurst,3000,3 BD,1 BA
"90-02 Queens Boulevard, Unit 433",Elmhurst,2150,1 BD,1 BA
"90-02 Queens Boulevard, Unit 529",Elmhurst,2500,1 BD,1 BA
"25-30 30th Road, Unit 3G",Astoria,1675,Studio,1 BA
"41-25 48th Street, Unit 4",Sunnyside,1595,1 BD,1 BA
"10-09 34th Avenue, Unit 11",Astoria,1850,1 BD,1 BA
"12-10 Astoria Park South, Unit 5F",Astoria,1700,Studio,1 BA
"12-10 Astoria Park South, Unit 5H",Astoria,1900,1 BD,1 BA
"31-09 28th Avenue, Unit 5C",Astoria,2975,1 BD,1 BA
"191-10 Crocheron Avenue, Unit 2E",Auburndale,1600,1 BD,1 BA
"31-09 28th Avenue, Unit 3B",Astoria,2775,1 BD,1 BA
"31-09 28th Avenue, Unit 3A",Astoria,2500,1 BD,1 BA
"31-09 28th Avenue, Unit 3C",Astoria,2500,1 BD,1 BA
"31-09 28th Avenue, Unit 5B",Astoria,2975,1 BD,1 BA
"31-09 28th Avenue, Unit 4D",Astoria,2500,1 BD,1 BA
"31-09 28th Avenue, Unit 4B",Astoria,2875,1 BD,1 BA
"31-72 31st Street, Unit 3I",Astoria,2450,2 BD,1 BA
"22-55 41st Street, Unit 2F",Astoria,2750,2 BD,1 BA
